分类名称,自然表达,金额,币种,备注
餐饮美食,今早买包子豆浆当早餐花了8元,8,CNY,早餐
餐饮美食,中午点黄焖鸡米饭外卖花了28块,28,CNY,外卖午餐
餐饮美食,晚上和朋友吃火锅AA付了180HKD,180,HKD,聚餐AA
餐饮美食,下午摸鱼买了杯珍珠奶茶花了22元,22,CNY,奶茶
餐饮美食,公司楼下便利店买冰美式花了30HKD,30,HKD,咖啡
餐饮美食,周末去茶餐厅吃早茶花了128块,128,CNY,早茶
餐饮美食,超市买了一箱纯牛奶花了65元,65,CNY,牛奶
餐饮美食,夜宵吃烧烤喝啤酒花了150块钱,150,CNY,夜宵
餐饮美食,买了杯星巴克拿铁花了38HKD,38,HKD,咖啡
餐饮美食,公司食堂吃午饭刷了15元,15,CNY,食堂
餐饮美食,水果店买了一斤草莓花了35块,35,CNY,水果
餐饮美食,面包店买吐司和可颂花了42元,42,CNY,面包
餐饮美食,麦当劳吃板烧鸡腿堡套餐花了36块,36,CNY,快餐
餐饮美食,寿司店吃三文鱼刺身饭花了78HKD,78,HKD,日料
餐饮美食,蜜雪冰城买柠檬水花了6元,6,CNY,饮品
餐饮美食,菜市场买菜晚上自己做饭花了90块,90,CNY,买菜做饭
餐饮美食,超市囤薯片饼干等零食花了120元,120,CNY,囤零食
餐饮美食,瑞幸买生椰拿铁花了19块,19,CNY,咖啡
餐饮美食,兰州拉面馆吃牛肉面加蛋花了22元,22,CNY,面食
餐饮美食,东北饺子馆吃晚餐花了45块,45,CNY,饺子
餐饮美食,港式茶餐厅下午茶冻柠茶加菠萝油花了58HKD,58,HKD,下午茶
餐饮美食,冰淇淋店买两个甜筒花了16元,16,CNY,甜品
餐饮美食,绝味鸭脖买鸭货花了32块,32,CNY,卤味
餐饮美食,水果店买切果盒花了28元,28,CNY,水果
餐饮美食,公司楼下买便当盒饭花了25块,25,CNY,盒饭
餐饮美食,外卖点了份意式披萨花了68元,68,CNY,披萨
餐饮美食,半夜饿了点串串香夜宵花了55块,55,CNY,夜宵
餐饮美食,粤式早茶点虾饺烧卖花了138元,138,CNY,早茶
餐饮美食,超市买原味酸奶一打花了36块,36,CNY,酸奶
餐饮美食,好利来买半熟芝士蛋糕花了49元,49,CNY,甜品
餐饮美食,肯德基买全家桶花了99块,99,CNY,快餐
餐饮美食,居酒屋吃日料小酌花了280HKD,280,HKD,日料
餐饮美食,丘大叔买鸭屎香柠檬茶花了18元,18,CNY,饮品
餐饮美食,早餐店吃肠粉加粥花了12块,12,CNY,早餐
餐饮美食,正宗兰州拉面吃大碗面花了20元,20,CNY,面食
餐饮美食,杨国福吃麻辣烫午餐花了35块,35,CNY,麻辣烫
餐饮美食,韩式烤肉店聚餐人均花了160元,160,CNY,聚餐
餐饮美食,夏天买半个西瓜花了28块,28,CNY,水果
餐饮美食,便利店买关东煮花了18元,18,CNY,便利店
餐饮美食,咖啡店买燕麦拿铁花了32块,32,CNY,咖啡
餐饮美食,粥铺点皮蛋瘦肉粥加油条花了15元,15,CNY,早餐
餐饮美食,汉堡王吃皇堡套餐花了41块,41,CNY,快餐
餐饮美食,泰式餐厅吃冬阴功汤饭花了68元,68,CNY,泰餐
餐饮美食,甜品店买双皮奶和姜撞奶花了30块,30,CNY,甜品
餐饮美食,超市买泡面和火腿肠花了25元,25,CNY,囤货
餐饮美食,外卖点麻辣小龙虾花了188块,188,CNY,小龙虾
餐饮美食,茶餐厅冻柠茶走冰花了24HKD,24,HKD,饮品
餐饮美食,包子铺买一笼小笼包花了16元,16,CNY,早餐
餐饮美食,西餐厅吃牛排套餐花了268块,268,CNY,西餐
餐饮美食,自助餐厅吃午餐花了128元,128,CNY,自助餐
交通出行,今天坐地铁上下班花了8HKD,8,HKD,地铁
交通出行,打车去公司付了45块钱,45,CNY,打车
交通出行,给车加92号油花了300元,300,CNY,加油
交通出行,公交卡充值100元,100,CNY,公交卡
交通出行,打滴滴去商圈花了38块,38,CNY,网约车
交通出行,买高铁二等座票花了550元,550,CNY,高铁
交通出行,小区停车场交停车费20HKD,20,HKD,停车
交通出行,骑共享单车通勤花了3块钱,3,CNY,共享单车
交通出行,机场大巴车票花了25元,25,CNY,机场大巴
交通出行,高速过路费花了120块,120,CNY,过路费
交通出行,坐公交去市区花了2元,2,CNY,公交
交通出行,网约车去机场花了120块,120,CNY,网约车
交通出行,电动车充电花了15元,15,CNY,充电
交通出行,买动车票花了180块,180,CNY,动车
交通出行,出租车打表花了56元,56,CNY,出租车
交通出行,摩托车加油花了80块,80,CNY,加油
交通出行,坐轮渡去对岸花了15HKD,15,HKD,轮渡
交通出行,代驾回家花了80元,80,CNY,代驾
交通出行,租车一天花了300块,300,CNY,租车
交通出行,地铁月卡充值200元,200,CNY,地铁卡
交通出行,顺风车去邻市花了120块,120,CNY,顺风车
交通出行,买飞机票经济舱花了1200元,1200,CNY,机票
交通出行,停车场包月费300元,300,CNY,停车月费
交通出行,坐大巴回老家花了150块,150,CNY,大巴
交通出行,骑共享电动车花了5元,5,CNY,共享电动车
交通出行,滴滴打快车花了28块,28,CNY,网约车
交通出行,给车做保养花了500元,500,CNY,保养
交通出行,买船票去海岛玩花了180块,180,CNY,船票
交通出行,公交转地铁一共花了6元,6,CNY,公交换乘
交通出行,打车去高铁站花了60块,60,CNY,打车
交通出行,ETC扣费85元,85,CNY,ETC
交通出行,坐轻轨去郊区花了20块,20,CNY,轻轨
交通出行,网约车拼车花了18元,18,CNY,拼车
交通出行,自行车补胎花了15块,15,CNY,修车
交通出行,买火车票卧铺花了320元,320,CNY,火车票
交通出行,小区停车费一天10元,10,CNY,停车
交通出行,坐叮叮车花了3HKD,3,HKD,叮叮车
交通出行,打车去医院花了35块,35,CNY,打车
交通出行,汽车年检花了280元,280,CNY,年检
交通出行,坐长途客车花了220块,220,CNY,长途车
交通出行,共享汽车用了两小时花了60元,60,CNY,共享汽车
交通出行,地铁充值50元,50,CNY,地铁充值
交通出行,打车去酒吧花了45块,45,CNY,打车
交通出行,给车换轮胎花了800元,800,CNY,换轮胎
交通出行,坐港铁去尖沙咀花了22HKD,22,HKD,港铁
交通出行,顺风车拼单花了25元,25,CNY,拼车
交通出行,过收费站交了50块,50,CNY,过路费
交通出行,买机票燃油附加费150元,150,CNY,机票附加
交通出行,电动车上牌花了100块,100,CNY,上牌
交通出行,坐巴士去深圳湾花了45HKD,45,HKD,巴士
商超购物,永辉超市买菜花了90元,90,CNY,超市买菜
商超购物,便利店囤零食花了75块,75,CNY,囤零食
商超购物,逛百货商场买东西花了500HKD,500,HKD,商场购物
商超购物,进口超市买牛排花了220元,220,CNY,进口超市
商超购物,楼下超市买烟花了45块,45,CNY,买烟
商超购物,山姆会员店囤货花了680元,680,CNY,会员店
商超购物,超市买洗衣液花了69块,69,CNY,日化
商超购物,海外超市买伴手礼花了120USD,120,USD,伴手礼
商超购物,菜市场买食材花了150块,150,CNY,菜市场
商超购物,沃尔玛买日用品花了180元,180,CNY,日用品
商超购物,711买水和纸巾花了12HKD,12,HKD,便利店
商超购物,大润发买米面粮油花了260块,260,CNY,粮油
商超购物,便利店买早餐花了15元,15,CNY,便利店
商超购物,免税店买化妆品花了800HKD,800,HKD,免税店
商超购物,生鲜超市买海鲜花了350块,350,CNY,海鲜
商超购物,超市买卫生纸花了89元,89,CNY,纸品
商超购物,全家买便当和饮料花了32块,32,CNY,便利店
商超购物,百佳超市买水果花了128HKD,128,HKD,水果
商超购物,小卖部买饮料花了8元,8,CNY,小卖部
商超购物,仓储超市买纸巾洗衣液花了199块,199,CNY,囤货
商超购物,超市买牛奶面包花了56元,56,CNY,牛奶面包
商超购物,OK便利店买咖啡花了18HKD,18,HKD,便利店
商超购物,菜市场买肉和菜花了120块,120,CNY,买菜
商超购物,进口超市买巧克力花了88元,88,CNY,进口超市
商超购物,超市搞促销囤货花了300块,300,CNY,促销囤货
商超购物,便利店买雨伞花了25元,25,CNY,便利店
商超购物,惠康超市买零食花了98HKD,98,HKD,零食
商超购物,超市买洗洁精和垃圾袋花了35元,35,CNY,日用品
商超购物,生鲜店买排骨花了78块,78,CNY,生鲜
商超购物,超市买牙膏牙刷花了42元,42,CNY,日用品
商超购物,便利店买冰棍花了10块,10,CNY,便利店
商超购物,城市超市买进口水果花了168元,168,CNY,进口水果
商超购物,超市买拖鞋花了29块,29,CNY,日用品
商超购物,便利店买充电宝花了99元,99,CNY,便利店
商超购物,菜市场买海鲜花了280块,280,CNY,海鲜
商超购物,超市买洗发水沐浴露花了118元,118,CNY,洗护
商超购物,便利店买口罩花了15块,15,CNY,便利店
商超购物,精品超市买牛排花了198元,198,CNY,进口超市
商超购物,超市买酱油醋调料花了45块,45,CNY,调料
商超购物,便利店买口香糖花了10元,10,CNY,便利店
商超购物,超市买坚果礼盒花了128块,128,CNY,坚果
商超购物,超市买卫生巾花了56元,56,CNY,日用品
商超购物,便利店买矿泉水花了5块,5,CNY,便利店
商超购物,超市买速冻饺子花了38元,38,CNY,速冻食品
商超购物,菜市场买水果花了60块,60,CNY,水果
商超购物,超市买洗衣液补充装花了49元,49,CNY,日化
商超购物,便利店买面包花了12块,12,CNY,便利店
商超购物,超市买床上四件套花了299元,299,CNY,家纺
商超购物,超市买锅碗瓢盆花了150块,150,CNY,厨具
商超购物,超市买零食大礼包花了88元,88,CNY,零食
日用百货,买垃圾袋洗洁精花了35元,35,CNY,清洁用品
日用百货,囤卫生纸花了89块钱,89,CNY,纸品
日用百货,买洗漱用品花了120HKD,120,HKD,洗漱用品
日用百货,买厨房清洁用品花了56元,56,CNY,清洁用品
日用百货,买一次性口罩花了45块,45,CNY,口罩
日用百货,买雨伞拖鞋花了78元,78,CNY,日常用品
日用百货,买收纳盒花了99HKD,99,HKD,收纳
日用百货,买洗衣液柔顺剂花了109元,109,CNY,日化
日用百货,买驱蚊用品花了32USD,32,USD,驱蚊
日用百货,买保鲜膜锡纸花了28块,28,CNY,厨房用品
日用百货,买牙膏牙刷套装花了42元,42,CNY,洗漱
日用百货,买拖把扫帚花了65块,65,CNY,清洁工具
日用百货,买垃圾桶花了25元,25,CNY,日用品
日用百货,买衣架裤架花了38块,38,CNY,收纳
日用百货,买洗碗布钢丝球花了12元,12,CNY,清洁
日用百货,买纸巾抽纸整箱花了99块,99,CNY,纸品
日用百货,买洁厕灵花了18元,18,CNY,清洁
日用百货,买一次性手套花了15块,15,CNY,日用品
日用百货,买厨房抹布花了20元,20,CNY,清洁
日用百货,买真空收纳袋花了56块,56,CNY,收纳
日用百货,买插排插座花了49元,49,CNY,电器配件
日用百货,买电池五号七号花了25块,25,CNY,电池
日用百货,买灯泡LED花了30元,30,CNY,灯具
日用百货,买粘毛器花了19块,19,CNY,日用品
日用百货,买鞋刷鞋油花了22元,22,CNY,日用品
日用百货,买针线盒花了15块,15,CNY,日用品
日用百货,买马桶垫花了18元,18,CNY,日用品
日用百货,买樟脑丸花了10块,10,CNY,日用品
日用百货,买雨衣雨鞋花了68元,68,CNY,雨具
日用百货,买保温壶花了89块,89,CNY,水具
日用百货,买菜板菜刀花了128元,128,CNY,厨具
日用百货,买碗碟套装花了199块,199,CNY,餐具
日用百货,买调味罐花了35元,35,CNY,厨房用品
日用百货,买水果盘花了28块,28,CNY,餐具
日用百货,买漱口杯花了15元,15,CNY,洗漱
日用百货,买毛巾浴巾花了79块,79,CNY,毛巾
日用百货,买洗脸巾花了45元,45,CNY,洗漱
日用百货,买棉签牙线花了18块,18,CNY,洗漱
日用百货,买洗手液花了25元,25,CNY,清洁
日用百货,买身体乳花了68块,68,CNY,洗护
日用百货,买香皂肥皂花了12元,12,CNY,洗护
日用百货,买垃圾桶垃圾袋套装花了39块,39,CNY,清洁
日用百货,买百洁布花了8元,8,CNY,清洁
日用百货,买一次性餐盒花了22块,22,CNY,厨房用品
日用百货,买空气清新剂花了19元,19,CNY,日用品
日用百货,买除湿袋花了25块,25,CNY,日用品
日用百货,买密封罐花了48元,48,CNY,厨房用品
日用百货,买削皮刀水果刀花了28块,28,CNY,厨具
日用百货,买锅铲汤勺花了35元,35,CNY,厨具
日用百货,买清洁海绵花了10块,10,CNY,清洁
房屋租金,这个月交房租3500元,3500,CNY,月租
房屋租金,季度付房租花了12000块,12000,CNY,季付
房屋租金,香港租房月租8000HKD,8000,HKD,香港月租
房屋租金,单间房租每月2200元,2200,CNY,单间
房屋租金,公寓租金交了4500块,4500,CNY,公寓
房屋租金,商铺月租金12000元,12000,CNY,商铺
房屋租金,次卧转租收到1800HKD,1800,HKD,转租收入
房屋租金,年付房租优惠后36000元,36000,CNY,年付
房屋租金,海外租房月付1200USD,1200,USD,海外租房
房屋租金,loft公寓租金5500块,5500,CNY,loft
房屋租金,一室一厅月租3000元,3000,CNY,一室一厅
房屋租金,两居室房租每月4800块,4800,CNY,两居
房屋租金,旺角租房月租9500HKD,9500,HKD,旺角
房屋租金,城中村房租每月1500元,1500,CNY,城中村
房屋租金,写字楼租金每月8000块,8000,CNY,写字楼
房屋租金,小区三居室月租6500元,6500,CNY,三居
房屋租金,学生宿舍床位费每月800块,800,CNY,宿舍
房屋租金,中环公寓月租15000HKD,15000,HKD,中环
房屋租金,厂房租金每月20000元,20000,CNY,厂房
房屋租金,单身公寓月租2800块,2800,CNY,单身公寓
房屋租金,房租押金交了7000元,7000,CNY,押金
房屋租金,半年付房租21000块,21000,CNY,半年付
房屋租金,唐楼月租6500HKD,6500,HKD,唐楼
房屋租金,主卧带独卫月租3200元,3200,CNY,主卧
房屋租金,门面房租金每月10000块,10000,CNY,门面
房屋租金,海景房月租12000元,12000,CNY,海景房
房屋租金,公租房每月租金800块,800,CNY,公租房
房屋租金,铜锣湾商铺月租30000HKD,30000,HKD,商铺
房屋租金,人才公寓月租1800元,1800,CNY,人才公寓
房屋租金,合租房分摊房租1500块,1500,CNY,合租
房屋租金,别墅月租25000元,25000,CNY,别墅
房屋租金,仓库租金每月5000块,5000,CNY,仓库
房屋租金,太子公寓月租7500HKD,7500,HKD,太子
房屋租金,精装两居月租5500元,5500,CNY,精装
房屋租金,简装一居月租1800块,1800,CNY,简装
房屋租金,办公室租金每月15000元,15000,CNY,办公室
房屋租金,员工宿舍房租每月3000块,3000,CNY,员工宿舍
房屋租金,油麻地租房月租5800HKD,5800,HKD,油麻地
房屋租金,学区房月租7000元,7000,CNY,学区房
房屋租金,底商租金每月18000块,18000,CNY,底商
房屋租金,复式公寓月租8000元,8000,CNY,复式
房屋租金,农民房月租1200块,1200,CNY,农民房
房屋租金,尖沙咀酒店式公寓月租20000HKD,20000,HKD,酒店式公寓
房屋租金,老小区两居月租2500元,2500,CNY,老小区
房屋租金,新小区三居月租6000块,6000,CNY,新小区
房屋租金,工作室租金每月4000元,4000,CNY,工作室
房屋租金,车位租金每月300块,300,CNY,车位
房屋租金,北角租房月租9000HKD,9000,HKD,北角
房屋租金,回迁房月租2000元,2000,CNY,回迁房
房屋租金,公寓式酒店月租4500块,4500,CNY,公寓酒店
物业费用,这个月物业费280元,280,CNY,月物业费
物业费用,季度物业费花了840块,840,CNY,季物业费
物业费用,小区物业费每月3.5元每平合计320HKD,320,HKD,按平米计
物业费用,写字楼物业费交了1500元,1500,CNY,写字楼
物业费用,物业公摊费交了50块,50,CNY,公摊
物业费用,全年物业费优惠后2800元,2800,CNY,年物业费
物业费用,公寓管理费每月150HKD,150,HKD,管理费
物业费用,垃圾清运费交了80元,80,CNY,垃圾清运
物业费用,海外公寓物业费180USD,180,USD,海外物业
物业费用,园区物业费交了450块,450,CNY,园区
物业费用,高层住宅物业费每月350元,350,CNY,高层
物业费用,别墅物业费每月800块,800,CNY,别墅
物业费用,商业楼物业费每平10元合计1200HKD,1200,HKD,商业物业
物业费用,小区停车管理费每月100元,100,CNY,停车管理
物业费用,物业维修费花了200块,200,CNY,维修
物业费用,半年物业费1500元,1500,CNY,半年物业
物业费用,酒店式公寓管理费每月300HKD,300,HKD,管理费
物业费用,装修垃圾清运费500元,500,CNY,装修清运
物业费用,物业费滞纳金20块,20,CNY,滞纳金
物业费用,工业园物业费每月2000元,2000,CNY,工业园
物业费用,小区绿化费分摊50元,50,CNY,绿化费
物业费用,电梯维护费每月80块,80,CNY,电梯维护
物业费用,香港屋苑管理费每月400HKD,400,HKD,屋苑管理
物业费用,商住楼物业费每月600元,600,CNY,商住楼
物业费用,安保费分摊每月30块,30,CNY,安保费
物业费用,全年物业费3360元,3360,CNY,年物业费
物业费用,公共区域能耗费每月50HKD,50,HKD,公共能耗
物业费用,门禁系统维护费80元,80,CNY,门禁维护
物业费用,泳池维护费分摊100块,100,CNY,泳池维护
物业费用,写字楼空调费每月500元,500,CNY,空调费
物业费用,小区公共水电费每月60块,60,CNY,公共水电
物业费用,公屋管理费每月80HKD,80,HKD,公屋
物业费用,商铺物业费每月200元,200,CNY,商铺物业
物业费用,物业费预交一年3000块,3000,CNY,预交物业
物业费用,多层住宅物业费每月180元,180,CNY,多层
物业费用,商务中心物业费每月800块,800,CNY,商务中心
物业费用,居屋管理费每月250HKD,250,HKD,居屋
物业费用,小区改造费分摊500元,500,CNY,改造费
物业费用,车位管理费每月50块,50,CNY,车位管理
物业费用,公寓物业费每月220元,220,CNY,公寓物业
物业费用,商场物业费每月1500块,1500,CNY,商场物业
物业费用,豪宅物业费每月1200HKD,1200,HKD,豪宅物业
物业费用,普通住宅物业费每月200元,200,CNY,普通住宅
物业费用,物业费涨价后每月320块,320,CNY,涨价后
物业费用,产业园物业费每月1000元,1000,CNY,产业园
物业费用,卫生费每月15块,15,CNY,卫生费
物业费用,丁屋管理费每月180HKD,180,HKD,丁屋
物业费用,商住两用物业费每月450元,450,CNY,商住两用
物业费用,物业代收排污费30块,30,CNY,排污费
物业费用,小区物业费年付打九折2900元,2900,CNY,年付折扣
水电燃气,这个月电费180元,180,CNY,电费
水电燃气,水费花了45块钱,45,CNY,水费
水电燃气,燃气费充值200HKD,200,HKD,燃气费
水电燃气,水电费合计交了260元,260,CNY,水电合计
水电燃气,夏天开空调电费320块,320,CNY,夏天空调
水电燃气,燃气热水器用气花了85元,85,CNY,燃气
水电燃气,商用电费交了560HKD,560,HKD,商业用电
水电燃气,桶装水订了10桶花了120元,120,CNY,桶装水
水电燃气,海外公寓水电费150USD,150,USD,海外水电
水电燃气,暖气费交了2400块,2400,CNY,暖气费
水电燃气,电费充值200元,200,CNY,电费充值
水电燃气,污水处理费每月15块,15,CNY,污水费
水电燃气,煤气罐换气花了120HKD,120,HKD,换煤气
水电燃气,阶梯电费第二档花了210元,210,CNY,阶梯电费
水电燃气,水费加污水处理费一共60块,60,CNY,水费合计
水电燃气,天然气开户费300元,300,CNY,开户费
水电燃气,桶装水押金50块,50,CNY,押金
水电燃气,香港电费每月400HKD,400,HKD,香港电费
水电燃气,商业用电电费800元,800,CNY,商业用电
水电燃气,燃气报警器安装费150块,150,CNY,报警器
水电燃气,插卡电表充值300元,300,CNY,电表充值
水电燃气,自来水开户费200块,200,CNY,开户费
水电燃气,瓶装水配送每月80HKD,80,HKD,瓶装水
水电燃气,峰谷电费合计250元,250,CNY,峰谷电价
水电燃气,燃气灶具维修费80块,80,CNY,维修
水电燃气,水电费代缴手续费5元,5,CNY,代缴费
水电燃气,工业用电电费1500块,1500,CNY,工业用电
水电燃气,香港水费每月80HKD,80,HKD,香港水费
水电燃气,家里电费欠费补交220元,220,CNY,欠费补交
水电燃气,燃气胶管更换花了30块,30,CNY,胶管更换
水电燃气,饮水机换水花了25元,25,CNY,换水
水电燃气,电费违约金10块,10,CNY,违约金
水电燃气,管道燃气初装费2500元,2500,CNY,初装费
水电燃气,水电过户费50块,50,CNY,过户费
水电燃气,香港燃气费每月300HKD,300,HKD,香港燃气
水电燃气,出租屋水电费每月200元,200,CNY,出租屋
水电燃气,电热水器清洗费80块,80,CNY,清洗
水电燃气,水表更换花了150元,150,CNY,换水表
水电燃气,电表校准费50块,50,CNY,电表校准
水电燃气,商业水费每吨5元合计120元,120,CNY,商业水费
水电燃气,燃气保险费20元每年,20,CNY,燃气保险
水电燃气,桶装水买十送二花了200块,200,CNY,桶装水
水电燃气,香港电费补贴后每月350HKD,350,HKD,补贴后
水电燃气,民用电费每度0.5元合计180元,180,CNY,民用电
水电燃气,燃气表更换花了280块,280,CNY,换燃气表
水电燃气,楼道灯公摊电费每月10元,10,CNY,公摊电费
水电燃气,二次供水费每月20块,20,CNY,二次供水
水电燃气,大功率用电增容费500元,500,CNY,增容费
水电燃气,水电维修上门费60块,60,CNY,上门费
水电燃气,瓶装液化气一罐130元,130,CNY,液化气
通讯话费,手机话费充值100元,100,CNY,话费充值
通讯话费,交电话费花了58块,58,CNY,话费
通讯话费,香港电话卡充值200HKD,200,HKD,电话卡充值
通讯话费,流量包续费花了30元,30,CNY,流量包
通讯话费,国际长途话费花了120块,120,CNY,国际长途
通讯话费,手机号套餐扣费99元,99,CNY,套餐扣费
通讯话费,电话卡月费68HKD,68,HKD,月费
通讯话费,漫游话费扣了45元,45,CNY,漫游
通讯话费,海外电话卡充值50USD,50,USD,海外电话卡
通讯话费,宽带绑定话费扣了129块,129,CNY,宽带绑定
通讯话费,手机号停机保号费每月5元,5,CNY,保号费
通讯话费,话费余额不足充值200块,200,CNY,充值
通讯话费,香港上台套餐每月128HKD,128,HKD,上台套餐
通讯话费,短信包10元100条,10,CNY,短信包
通讯话费,来电显示费每月6块,6,CNY,来电显示
通讯话费,异地通话费25元,25,CNY,异地通话
通讯话费,手机卡补办费20元,20,CNY,补卡
通讯话费,香港储值卡充值100HKD,100,HKD,储值卡
通讯话费,集团短号费每月10元,10,CNY,短号费
通讯话费,话费欠费补交80块,80,CNY,欠费补交
通讯话费,增值业务费15元每月,15,CNY,增值业务
通讯话费,国际漫游包天30元,30,CNY,国际漫游
通讯话费,和记电讯月费98HKD,98,HKD,月费
通讯话费,亲情号业务费每月5元,5,CNY,亲情号
通讯话费,话费发票打印费2块,2,CNY,打印费
通讯话费,4G升级5G套餐费129元每月,129,CNY,升级套餐
通讯话费,香港手机号过户费50HKD,50,HKD,过户费
通讯话费,彩铃业务费每月8元,8,CNY,彩铃
通讯话费,通话时长超出扣费30块,30,CNY,超时扣费
通讯话费,手机副卡费每月10元,10,CNY,副卡
通讯话费,香港漫游到内地每日28HKD,28,HKD,漫游
通讯话费,话费积分兑换抵扣50元,50,CNY,积分抵扣
通讯话费,骚扰电话拦截费每月3元,3,CNY,拦截费
通讯话费,号码靓号预存500元,500,CNY,靓号预存
通讯话费,香港电话卡上台押金200HKD,200,HKD,上台押金
通讯话费,夜间通话包每月10元,10,CNY,夜间包
通讯话费,国内通话套餐68元每月,68,CNY,通话套餐
通讯话费,香港本地通话无限量套餐88HKD,88,HKD,无限量
通讯话费,话费查询余额剩52元,52,CNY,查余额
通讯话费,多收话费退还30块,30,CNY,退费
通讯话费,手机卡注销结清话费45元,45,CNY,注销结清
通讯话费,香港一卡两号月费50HKD,50,HKD,一卡两号
通讯话费,定向流量包19元每月,19,CNY,定向流量
通讯话费,通用流量包50元20G,50,CNY,通用流量
通讯话费,香港数据套餐每日20HKD,20,HKD,数据套餐
通讯话费,话费自动扣款99元,99,CNY,自动扣款
通讯话费,异地补卡费30块,30,CNY,异地补卡
通讯话费,香港电话卡充值优惠充200送50HKD,200,HKD,充值优惠
宽带网络,宽带年费交了600元,600,CNY,年费
宽带网络,月网费扣了50块,50,CNY,月费
宽带网络,香港光纤宽带月费128HKD,128,HKD,光纤月费
宽带网络,宽带升级提速花了200元,200,CNY,提速
宽带网络,安装宽带初装费100块,100,CNY,初装费
宽带网络,家庭千兆宽带年费960元,960,CNY,千兆年费
宽带网络,商业宽带月费380HKD,380,HKD,商业宽带
宽带网络,路由器租赁费每月20元,20,CNY,路由器租赁
宽带网络,海外网络费80USD,80,USD,海外网络
宽带网络,宽带续约优惠后500块,500,CNY,续约
宽带网络,宽带移机费80元,80,CNY,移机
宽带网络,光猫押金100块,100,CNY,光猫押金
宽带网络,香港1000M宽带月费198HKD,198,HKD,千兆月费
宽带网络,宽带测速不达标退费50元,50,CNY,退费
宽带网络,宽带安装人工费150块,150,CNY,安装费
宽带网络,校园宽带半年280元,280,CNY,校园宽带
宽带网络,香港住宅宽带月费99HKD,99,HKD,住宅宽带
宽带网络,宽带故障上门维修费50元,50,CNY,维修
宽带网络,宽带叠加IPTV每月30块,30,CNY,IPTV
宽带网络,企业宽带年费5000元,5000,CNY,企业宽带
宽带网络,宽带销户违约金80块,80,CNY,销户
宽带网络,香港商用宽带月费480HKD,480,HKD,商用宽带
宽带网络,无线宽带每月60元,60,CNY,无线宽带
宽带网络,宽带套餐含话费每月129块,129,CNY,含话费
宽带网络,光纤入户施工费200元,200,CNY,施工费
宽带网络,宽带猫更换花了150块,150,CNY,换猫
宽带网络,香港宽带续约优惠200HKD,200,HKD,续约优惠
宽带网络,小区宽带包月80元,80,CNY,小区宽带
宽带网络,宽带流量超出扣费50块,50,CNY,超额扣费
宽带网络,专线宽带每月1000元,1000,CNY,专线
宽带网络,香港宽频100M月费88HKD,88,HKD,百兆月费
宽带网络,宽带暂停保号费每月10元,10,CNY,保号
宽带网络,宽带过户费30块,30,CNY,过户
宽带网络,家庭宽带捆绑手机号每月99元,99,CNY,捆绑套餐
宽带网络,香港宽带安装费300HKD,300,HKD,安装费
宽带网络,宽带提速到500M每月加30元,30,CNY,提速加价
宽带网络,宽带欠费停机补交120块,120,CNY,欠费补交
宽带网络,香港网上行宽带月费158HKD,158,HKD,网上行
宽带网络,农村宽带每年480元,480,CNY,农村宽带
宽带网络,宽带路由器调试费50块,50,CNY,调试费
宽带网络,公寓宽带每月50元,50,CNY,公寓宽带
宽带网络,香港有线宽带月费78HKD,78,HKD,有线宽带
宽带网络,宽带年付送两个月共600元,600,CNY,年付优惠
宽带网络,宽带光模块更换80块,80,CNY,光模块
宽带网络,商铺宽带每月150元,150,CNY,商铺宽带
宽带网络,香港宽带公共天线费每月30HKD,30,HKD,公共天线
宽带网络,宽带客服投诉返还话费50元,50,CNY,投诉返还
宽带网络,宽带网线更换材料费20块,20,CNY,网线
宽带网络,千兆宽带每月120元,120,CNY,千兆月费
宽带网络,香港宽带合约到期续约优惠100HKD,100,HKD,续约优惠
医疗诊疗,去医院挂号看病花了300元,300,CNY,门诊
医疗诊疗,看牙医付了800块,800,CNY,看牙
医疗诊疗,私立医院问诊花了500HKD,500,HKD,私立问诊
医疗诊疗,体检套餐花了1200元,1200,CNY,体检
医疗诊疗,打针输液花了280块,280,CNY,输液
医疗诊疗,眼科检查花了150元,150,CNY,眼科
医疗诊疗,中医理疗花了380HKD,380,HKD,中医理疗
医疗诊疗,产检费用花了600元,600,CNY,产检
医疗诊疗,海外看病挂号200USD,200,USD,海外挂号
医疗诊疗,皮肤科就诊花了450块,450,CNY,皮肤科
医疗诊疗,骨科拍X光片花了180元,180,CNY,拍片
医疗诊疗,牙科洗牙花了200块,200,CNY,洗牙
医疗诊疗,香港私家医院诊金800HKD,800,HKD,私家诊金
医疗诊疗,血常规检查花了50元,50,CNY,血常规
医疗诊疗,心电图检查花了80块,80,CNY,心电图
医疗诊疗,妇科检查花了300元,300,CNY,妇科
医疗诊疗,针灸推拿一次120块,120,CNY,针灸推拿
医疗诊疗,香港公立医院挂号费50HKD,50,HKD,公立挂号
医疗诊疗,CT检查花了800元,800,CNY,CT检查
医疗诊疗,打破伤风针花了150块,150,CNY,破伤风针
医疗诊疗,耳鼻喉科检查花了200元,200,CNY,耳鼻喉
医疗诊疗,拔罐刮痧花了80块,80,CNY,拔罐刮痧
医疗诊疗,香港体检套餐1500HKD,1500,HKD,体检
医疗诊疗,B超检查花了120元,120,CNY,B超
医疗诊疗,外科缝合花了300块,300,CNY,缝合
医疗诊疗,内科专家挂号费100元,100,CNY,专家号
医疗诊疗,艾灸调理一次90块,90,CNY,艾灸
医疗诊疗,香港牙科补牙500HKD一颗,500,HKD,补牙
医疗诊疗,核磁共振检查花了1200元,1200,CNY,核磁共振
医疗诊疗,狂犬疫苗五针400块,400,CNY,疫苗
医疗诊疗,儿科门诊看病花了180元,180,CNY,儿科
医疗诊疗,中药熏蒸花了150块,150,CNY,中药熏蒸
医疗诊疗,香港急症室就诊180HKD,180,HKD,急症室
医疗诊疗,尿常规检查花了30元,30,CNY,尿常规
医疗诊疗,康复治疗一次200块,200,CNY,康复
医疗诊疗,呼吸科挂号花了25元,25,CNY,呼吸科
医疗诊疗,小手术清创缝合花了500块,500,CNY,小手术
医疗诊疗,香港专科门诊诊金600HKD,600,HKD,专科门诊
医疗诊疗,肝功能检查花了120元,120,CNY,肝功能
医疗诊疗,腰椎牵引治疗一次80块,80,CNY,腰椎牵引
医疗诊疗,皮肤科激光治疗花了800元,800,CNY,激光治疗
医疗诊疗,视力验光花了50块,50,CNY,验光
医疗诊疗,香港中医诊症300HKD,300,HKD,中医诊症
医疗诊疗,胃镜检查花了400元,400,CNY,胃镜
医疗诊疗,伤口换药花了30块,30,CNY,换药
医疗诊疗,过敏原检测花了600元,600,CNY,过敏检测
医疗诊疗,推拿按摩一小时100块,100,CNY,推拿
医疗诊疗,香港健康检查2000HKD,2000,HKD,健康检查
医疗诊疗,牙齿矫正检查花了200元,200,CNY,矫正检查
医疗诊疗,医院停车费花了15块,15,CNY,停车费
药品保健,买感冒药花了45元,45,CNY,感冒药
药品保健,囤退烧药花了120块,120,CNY,退烧药
药品保健,买维生素片花了180HKD,180,HKD,维生素
药品保健,买创可贴碘伏花了25元,25,CNY,外伤用品
药品保健,蛋白粉花了320块,320,CNY,蛋白粉
药品保健,降压药每月花了150元,150,CNY,降压药
药品保健,买益生菌花了260HKD,260,HKD,益生菌
药品保健,眼药水花了68元,68,CNY,眼药水
药品保健,海外买保健品80USD,80,USD,保健品
药品保健,钙片花了110块,110,CNY,钙片
药品保健,买布洛芬花了30元,30,CNY,止痛药
药品保健,健胃消食片花了15块,15,CNY,消食片
药品保健,香港买鱼肝油150HKD,150,HKD,鱼肝油
药品保健,碘伏棉签花了10元,10,CNY,外伤用品
药品保健,氨糖软骨素花了198块,198,CNY,软骨素
药品保健,避孕药花了45元,45,CNY,避孕药
药品保健,褪黑素花了89块,89,CNY,褪黑素
药品保健,香港买整肠丸80HKD,80,HKD,肠胃药
药品保健,感冒药口服液花了58元,58,CNY,感冒药
药品保健,护肝片花了128块,128,CNY,护肝片
药品保健,医用口罩一盒25元,25,CNY,口罩
药品保健,血糖仪花了299块,299,CNY,血糖仪
药品保健,香港买维生素C100HKD,100,HKD,维生素
药品保健,体温计花了15元,15,CNY,体温计
药品保健,鱼油软胶囊花了168块,168,CNY,鱼油
药品保健,皮炎平药膏花了22元,22,CNY,药膏
药品保健,香港买活络油68HKD,68,HKD,活络油
药品保健,止咳糖浆花了35元,35,CNY,止咳药
药品保健,六味地黄丸花了48块,48,CNY,中成药
药品保健,血压计花了259元,259,CNY,血压计
药品保健,香港买保健品礼盒380HKD,380,HKD,礼盒
药品保健,口腔溃疡散花了12元,12,CNY,口腔药
药品保健,阿胶糕花了298块,298,CNY,阿胶
药品保健,红霉素软膏花了8元,8,CNY,软膏
药品保健,香港买感冒灵50HKD,50,HKD,感冒药
药品保健,胃药奥美拉唑花了45元,45,CNY,胃药
药品保健,叶黄素片花了79块,79,CNY,叶黄素
药品保健,医用酒精花了10元,10,CNY,消毒
药品保健,香港买双飞人药水45HKD,45,HKD,药水
药品保健,咽炎片花了28元,28,CNY,咽炎药
药品保健,丹参滴丸花了65块,65,CNY,中成药
药品保健,创可贴防水型15元,15,CNY,创可贴
药品保健,香港买补钙奶粉200HKD,200,HKD,补钙
药品保健,抗过敏药氯雷他定花了30元,30,CNY,抗过敏
药品保健,三七粉花了128块,128,CNY,三七粉
药品保健,纱布绷带花了18元,18,CNY,纱布
药品保健,香港买必理痛60HKD,60,HKD,止痛药
药品保健,开塞露花了5元,5,CNY,开塞露
药品保健,灵芝孢子粉花了398块,398,CNY,灵芝粉
教育学习,报英语培训班花了3000元,3000,CNY,英语班
教育学习,网课报名费花了1200块,1200,CNY,网课
教育学习,雅思考试费花了2170HKD,2170,HKD,雅思
教育学习,驾照报名费花了4500元,4500,CNY,考驾照
教育学习,技能培训课花了800块,800,CNY,技能培训
教育学习,考研辅导班花了6800元,6800,CNY,考研班
教育学习,编程课学费3500HKD,3500,HKD,编程课
教育学习,钢琴课一节200元,200,CNY,钢琴课
教育学习,海外留学申请费500USD,500,USD,留学申请
教育学习,职业资格考试报名花了300块,300,CNY,考证
教育学习,公务员考试培训费2500元,2500,CNY,考公
教育学习,日语入门班1200块,1200,CNY,日语班
教育学习,香港DSE补习费3000HKD,3000,HKD,DSE补习
教育学习,会计实操培训1500元,1500,CNY,会计培训
教育学习,舞蹈培训班年费3600块,3600,CNY,舞蹈班
教育学习,托福考试费2100元,2100,CNY,托福
教育学习,设计软件课程2800HKD,2800,HKD,设计课
教育学习,书法班一期800元,800,CNY,书法班
教育学习,健身教练证培训2000块,2000,CNY,教练证
教育学习,GRE考试费1600元,1600,CNY,GRE
教育学习,香港普通话培训1500HKD,1500,HKD,普通话
教育学习,教师资格证面试班1200元,1200,CNY,教资
教育学习,西点烘焙培训2800块,2800,CNY,烘焙课
教育学习,粤语学习班600元,600,CNY,粤语班
教育学习,法律职业资格考试报名费200块,200,CNY,法考
教育学习,香港进修移民咨询费5000HKD,5000,HKD,进修咨询
教育学习,PS软件教程399元,399,CNY,PS教程
教育学习,演讲与口才培训1500块,1500,CNY,口才培训
教育学习,专升本学费每年3000元,3000,CNY,专升本
教育学习,保育员证培训800块,800,CNY,保育员证
教育学习,香港MBA申请费10000HKD,10000,HKD,MBA申请
教育学习,原画设计网课4500元,4500,CNY,原画课
教育学习,叉车证考试报名600块,600,CNY,叉车证
教育学习,一级建造师培训5000元,5000,CNY,建造师
教育学习,心理咨询师培训2800块,2800,CNY,心理师
教育学习,香港雅思一对一500HKD每小时,500,HKD,雅思一对一
教育学习,证券从业资格考试报名61元,61,CNY,证券考试
教育学习,主持人培训1800块,1800,CNY,主持人
教育学习,注册会计师网课3200元,3200,CNY,注会网课
教育学习,化妆师培训3500块,3500,CNY,化妆培训
教育学习,香港升学规划咨询2000HKD,2000,HKD,升学咨询
教育学习,Python编程入门课99元,99,CNY,Python课
教育学习,人力资源管理师培训1200块,1200,CNY,人力证
教育学习,执业药师考试报名150元,150,CNY,药师考试
教育学习,电商运营培训2000块,2000,CNY,电商培训
教育学习,香港粤语一对一300HKD每小时,300,HKD,粤语一对一
教育学习,新媒体运营课899元,899,CNY,新媒体课
教育学习,塔吊司机证培训1500块,1500,CNY,塔吊证
教育学习,考研资料费200元,200,CNY,考研资料
教育学习,香港补习社补习每小时200HKD,200,HKD,补习
书籍文具,买专业书花了120元,120,CNY,专业书
书籍文具,买笔记本笔花了35块,35,CNY,文具
书籍文具,买英文原版书花了180HKD,180,HKD,原版书
书籍文具,打印资料花了50元,50,CNY,打印
书籍文具,买文具套装花了88块,88,CNY,文具
书籍文具,小说实体书花了49元,49,CNY,小说
书籍文具,买画笔纸花了150HKD,150,HKD,画材
书籍文具,订书器文件夹花了60元,60,CNY,办公用品
书籍文具,海外买教材120USD,120,USD,海外教材
书籍文具,买字帖花了28块,28,CNY,字帖
书籍文具,考研参考书花了200元,200,CNY,参考书
书籍文具,中性笔一盒15块,15,CNY,文具
书籍文具,香港诚品书店买书250HKD,250,HKD,书店
书籍文具,复印身份证花了2元,2,CNY,复印
书籍文具,装订论文花了30块,30,CNY,装订
书籍文具,精装版图书花了98元,98,CNY,精装书
书籍文具,彩铅套装花了128块,128,CNY,画材
书籍文具,香港教材书300HKD,300,HKD,教材
书籍文具,便利贴花了8元,8,CNY,文具
书籍文具,胶棒剪刀花了15块,15,CNY,文具
书籍文具,技术开发文档书籍158元,158,CNY,技术书
书籍文具,素描本花了25块,25,CNY,素描本
书籍文具,香港漫画书100HKD,100,HKD,漫画
书籍文具,文件袋十个10元,10,CNY,办公用品
书籍文具,钢笔墨水花了45块,45,CNY,钢笔
书籍文具,畅销书排行榜书籍59元,59,CNY,畅销书
书籍文具,马克笔套装88块,88,CNY,画材
书籍文具,香港考试用书350HKD,350,HKD,考试书
书籍文具,回形针长尾夹花了12元,12,CNY,办公用品
书籍文具,笔记本电脑支架89块,89,CNY,电脑配件
书籍文具,诗集散文集花了68元,68,CNY,文学书
书籍文具,水彩颜料套装128块,128,CNY,画材
书籍文具,香港字典词典180HKD,180,HKD,词典
书籍文具,书签套装花了20元,20,CNY,文具
书籍文具,计算器花了50块,50,CNY,文具
书籍文具,历史类书籍78元,78,CNY,历史书
书籍文具,画架画板花了150块,150,CNY,画材
书籍文具,香港儿童绘本120HKD,120,HKD,绘本
书籍文具,橡皮尺子套装8元,8,CNY,文具
书籍文具,文件夹收纳盒35块,35,CNY,办公用品
书籍文具,心理学书籍128元,128,CNY,心理书
书籍文具,宣纸毛边纸50块,50,CNY,文房
书籍文具,香港商业书籍280HKD,280,HKD,商业书
书籍文具,便签本花了10元,10,CNY,文具
书籍文具,订书钉回形针5块,5,CNY,办公用品
书籍文具,编程技术书籍199元,199,CNY,技术书
书籍文具,毛笔砚台套装200块,200,CNY,文房
书籍文具,香港旅游攻略书88HKD,88,HKD,旅游书
书籍文具,错题本花了12元,12,CNY,文具
书籍文具,精装笔记本68块,68,CNY,笔记本
休闲娱乐,去KTV唱歌花了380元,380,CNY,KTV
休闲娱乐,剧本杀人均花了128块,128,CNY,剧本杀
休闲娱乐,密室逃脱门票花了298HKD,298,HKD,密室
休闲娱乐,桌游吧消费花了80元,80,CNY,桌游
休闲娱乐,抓娃娃花了50块,50,CNY,抓娃娃
休闲娱乐,酒吧喝酒花了600元,600,CNY,酒吧
休闲娱乐,轰趴馆团建花了800HKD,800,HKD,轰趴
休闲娱乐,射箭馆体验花了150元,150,CNY,射箭
休闲娱乐,海外赌场小费100USD,100,USD,赌场小费
休闲娱乐,网吧上网花了40块,40,CNY,网吧
休闲娱乐,台球厅打球两小时80元,80,CNY,台球
休闲娱乐,棋牌室麻将一下午120块,120,CNY,棋牌
休闲娱乐,香港桌游吧每人150HKD,150,HKD,桌游
休闲娱乐,电玩城买游戏币花了100元,100,CNY,电玩城
休闲娱乐,DIY手工坊做陶艺128块,128,CNY,DIY
休闲娱乐,舞厅跳舞门票50元,50,CNY,舞厅
休闲娱乐,轰趴别墅一天1500块,1500,CNY,轰趴别墅
休闲娱乐,香港卡丁车体验200HKD,200,HKD,卡丁车
休闲娱乐,VR体验馆一小时80元,80,CNY,VR体验
休闲娱乐,狼人杀桌游吧50块每人,50,CNY,狼人杀
休闲娱乐,茶棋牌室喝茶打牌100元,100,CNY,茶棋牌
休闲娱乐,蹦床公园门票98块,98,CNY,蹦床
休闲娱乐,香港室内跳伞500HKD,500,HKD,室内跳伞
休闲娱乐,溜冰场门票40元,40,CNY,溜冰
休闲娱乐,真人CS野战150块,150,CNY,真人CS
休闲娱乐,插花体验课88元,88,CNY,插花课
休闲娱乐,香港海洋公园门票480HKD,480,HKD,海洋公园
休闲娱乐,攀岩馆体验120元,120,CNY,攀岩
休闲娱乐,桌游卡牌购买80块,80,CNY,桌游卡
休闲娱乐,密室逃脱恐怖主题198元,198,CNY,密室
休闲娱乐,酒吧台费最低消费200块,200,CNY,酒吧
休闲娱乐,香港杜莎夫人蜡像馆门票290HKD,290,HKD,蜡像馆
休闲娱乐,电竞酒店开黑一晚300元,300,CNY,电竞酒店
休闲娱乐,DIY蛋糕烘焙168块,168,CNY,烘焙DIY
休闲娱乐,脱口秀开放麦门票50元,50,CNY,脱口秀
休闲娱乐,室内滑雪场三小时300块,300,CNY,室内滑雪
休闲娱乐,香港天际100观景台门票188HKD,188,HKD,观景台
休闲娱乐,射箭馆办卡500元,500,CNY,射箭办卡
休闲娱乐,剧本杀城限本198块,198,CNY,城限本
休闲娱乐,温泉会馆门票128元,128,CNY,温泉
休闲娱乐,轰趴馆包场1200块,1200,CNY,轰趴包场
休闲娱乐,香港挪亚方舟门票168HKD,168,HKD,景点门票
休闲娱乐,网吧包夜30元,30,CNY,网吧包夜
休闲娱乐,抓娃娃充值100块,100,CNY,抓娃娃
休闲娱乐,棋牌室包房200元,200,CNY,棋牌包房
休闲娱乐,真人密室逃脱88块每人,88,CNY,密室
休闲娱乐,香港坪洲岛一日游套票300HKD,300,HKD,一日游
休闲娱乐,桌游吧通宵场100元,100,CNY,桌游通宵
休闲娱乐,KTV包厢费580块,580,CNY,KTV包厢
影视演出,电影票两张花了80元,80,CNY,电影
影视演出,演唱会门票花了1280块,1280,CNY,演唱会
影视演出,话剧票花了380HKD,380,HKD,话剧
影视演出,视频会员年卡花了198元,198,CNY,视频会员
影视演出,音乐节门票花了580块,580,CNY,音乐节
影视演出,相声演出票花了299元,299,CNY,相声
影视演出,迪士尼门票花了650HKD,650,HKD,迪士尼
影视演出,爱奇艺会员月费25元,25,CNY,视频会员
影视演出,百老汇门票150USD,150,USD,百老汇
影视演出,脱口秀演出花了180块,180,CNY,脱口秀
影视演出,IMAX电影票一张65元,65,CNY,IMAX
影视演出,林俊杰演唱会内场1880块,1880,CNY,演唱会
影视演出,香港话剧团演出280HKD,280,HKD,话剧
影视演出,腾讯视频季卡58元,58,CNY,视频会员
影视演出,草莓音乐节门票380块,380,CNY,音乐节
影视演出,京剧演出票180元,180,CNY,京剧
影视演出,香港迪士尼乐园一日票639HKD,639,HKD,迪士尼
影视演出,优酷会员月卡20元,20,CNY,视频会员
影视演出,音乐剧门票480块,480,CNY,音乐剧
影视演出,舞剧演出票380元,380,CNY,舞剧
影视演出,跨年演唱会门票880块,880,CNY,跨年演唱会
影视演出,香港电影节开幕影片120HKD,120,HKD,电影节
影视演出,B站大会员年卡148元,148,CNY,视频会员
影视演出,Livehouse演出票150块,150,CNY,Livehouse
影视演出,杂技表演门票80元,80,CNY,杂技
影视演出,香港海洋公园哈啰喂门票398HKD,398,HKD,海洋公园
影视演出,芒果TV会员月卡19元,19,CNY,视频会员
影视演出,德云社相声票280块,280,CNY,相声
影视演出,儿童剧门票120元,120,CNY,儿童剧
影视演出,电音节门票680块,680,CNY,电音节
影视演出,香港文化中心演出200HKD,200,HKD,演出
影视演出,私人影院两小时100元,100,CNY,私人影院
影视演出,摇滚乐队巡演280块,280,CNY,巡演
影视演出,戏曲表演门票50元,50,CNY,戏曲
影视演出,香港昂坪360缆车门票235HKD,235,HKD,缆车
影视演出,网易云音乐黑胶年卡128元,128,CNY,音乐会员
影视演出,脱口秀专场128块,128,CNY,脱口秀
影视演出,芭蕾舞剧门票580元,580,CNY,芭蕾舞剧
影视演出,音乐节VIP票980块,980,CNY,音乐节VIP
影视演出,香港太空馆天象厅30HKD,30,HKD,太空馆
影视演出,腾讯体育会员月卡30元,30,CNY,体育会员
影视演出,话剧暗恋桃花源380块,380,CNY,话剧
影视演出,木偶剧演出60元,60,CNY,木偶剧
影视演出,香港科学馆门票30HKD,30,HKD,科学馆
影视演出,爱奇艺奇异果会员年卡298元,298,CNY,视频会员
影视演出,相声专场演出199块,199,CNY,相声
影视演出,经典电影重映票40元,40,CNY,电影
影视演出,香港红馆演唱会门票880HKD,880,HKD,红馆演唱会
影视演出,优酷酷喵会员年卡248元,248,CNY,视频会员
影视演出,漫展门票80块,80,CNY,漫展
运动健身,健身卡年卡花了2400元,2400,CNY,健身年卡
运动健身,私教课一节花了300块,300,CNY,私教
运动健身,羽毛球场地费花了120HKD,120,HKD,羽毛球
运动健身,游泳票花了50元,50,CNY,游泳
运动健身,瑜伽课月卡花了800块,800,CNY,瑜伽
运动健身,篮球馆包场花了400元,400,CNY,篮球
运动健身,高尔夫练习场花了500HKD,500,HKD,高尔夫
运动健身,跑步装备花了350元,350,CNY,跑步装备
运动健身,海外滑雪票200USD,200,USD,滑雪
运动健身,乒乓球台租赁花了60块,60,CNY,乒乓球
运动健身,健身房季卡800元,800,CNY,健身季卡
运动健身,拳击课一节180块,180,CNY,拳击
运动健身,香港网球场一小时150HKD,150,HKD,网球
运动健身,保龄球三局80元,80,CNY,保龄球
运动健身,舞蹈班月卡600块,600,CNY,舞蹈班
运动健身,击剑体验课198元,198,CNY,击剑
运动健身,香港健身中心月卡800HKD,800,HKD,健身月卡
运动健身,轮滑场地费30元,30,CNY,轮滑
运动健身,散打课一节150块,150,CNY,散打
运动健身,壁球馆一小时100元,100,CNY,壁球
运动健身,香港保龄球城50HKD一局,50,HKD,保龄球
运动健身,动感单车月卡300元,300,CNY,动感单车
运动健身,普拉提一节280块,280,CNY,普拉提
运动健身,射箭馆一小时80元,80,CNY,射箭
运动健身,香港攀石场180HKD,180,HKD,攀石
运动健身,健身房次卡20次500元,500,CNY,次卡
运动健身,跆拳道月卡400块,400,CNY,跆拳道
运动健身,潜水体验课380元,380,CNY,潜水
运动健身,香港冲浪教学500HKD,500,HKD,冲浪
运动健身,乒乓球培训一期1200元,1200,CNY,乒乓球培训
运动健身,羽毛球拍一支800块,800,CNY,球拍
运动健身,瑜伽垫一张128元,128,CNY,瑜伽垫
运动健身,香港健身私教400HKD一节,400,HKD,私教
运动健身,篮球一双600元,600,CNY,篮球鞋
运动健身,游泳培训10节课1500块,1500,CNY,游泳培训
运动健身,跑步机一台2999元,2999,CNY,跑步机
运动健身,香港瑜伽中心月卡900HKD,900,HKD,瑜伽月卡
运动健身,哑铃套装500元,500,CNY,哑铃
运动健身,羽毛球线更换30块,30,CNY,换线
运动健身,护膝护腕套装88元,88,CNY,护具
运动健身,香港运动用品店买鞋800HKD,800,HKD,运动鞋
运动健身,健身蛋白粉320元,320,CNY,蛋白粉
运动健身,乒乓球拍一副200块,200,CNY,球拍
运动健身,速干运动衣150元,150,CNY,运动衣
运动健身,香港健身手套150HKD,150,HKD,健身手套
运动健身,游泳镜一副128元,128,CNY,泳镜
运动健身,篮球比赛报名费100块,100,CNY,报名费
运动健身,运动背包299元,299,CNY,运动包
运动健身,香港羽毛球馆80HKD每小时,80,HKD,羽毛球
旅游度假,三亚旅游花了5000元,5000,CNY,三亚游
旅游度假,省内游跟团花了1200块,1200,CNY,跟团游
旅游度假,日本旅行花了8000HKD,8000,HKD,日本游
旅游度假,景区门票花了180元,180,CNY,景区门票
旅游度假,跟团游团费3500块,3500,CNY,跟团游
旅游度假,云南自由行花了6000元,6000,CNY,自由行
旅游度假,泰国旅游花了12000HKD,12000,HKD,泰国游
旅游度假,导游小费花了200元,200,CNY,导游小费
旅游度假,欧洲游花费2000USD,2000,USD,欧洲游
旅游度假,周边自驾游花了800块,800,CNY,自驾游
旅游度假,成都重庆旅游4000元,4000,CNY,川渝游
旅游度假,海岛游跟团3800块,3800,CNY,海岛游
旅游度假,韩国济州岛5000HKD,5000,HKD,济州岛
旅游度假,古镇一日游199元,199,CNY,古镇游
旅游度假,亲子游乐园行1500块,1500,CNY,亲子游
旅游度假,新疆自驾游10000元,10000,CNY,新疆自驾
旅游度假,新加坡旅游8000HKD,8000,HKD,新加坡游
旅游度假,漂流门票180元,180,CNY,漂流
旅游度假,登山徒步团300块,300,CNY,徒步
旅游度假,马尔代夫蜜月游20000元,20000,CNY,蜜月游
旅游度假,香港本地一日游300HKD,300,HKD,香港一日游
旅游度假,张家界旅游2500元,2500,CNY,张家界
旅游度假,游轮游三天两晚1800块,1800,CNY,游轮游
旅游度假,台湾环岛游12000HKD,12000,HKD,环岛游
旅游度假,草原五日游3000元,3000,CNY,草原游
旅游度假,温泉度假村两日游880块,880,CNY,温泉度假
旅游度假,香港离岛游200HKD,200,HKD,离岛游
旅游度假,西藏旅行8000元,8000,CNY,西藏游
旅游度假,摄影团采风1500块,1500,CNY,摄影团
旅游度假,美国东西海岸游20000HKD,20000,HKD,美国游
旅游度假,黄山旅游1200元,1200,CNY,黄山
旅游度假,农家乐两日游600块,600,CNY,农家乐
旅游度假,港澳五日游3000HKD,3000,HKD,港澳游
旅游度假,桂林山水游1800元,1800,CNY,桂林游
旅游度假,沙漠穿越团2500块,2500,CNY,沙漠穿越
旅游度假,香港长洲岛一日游150HKD,150,HKD,长洲岛
旅游度假,西安古都游2000元,2000,CNY,西安游
旅游度假,滑雪度假三日游1500块,1500,CNY,滑雪度假
旅游度假,澳大利亚游15000HKD,15000,HKD,澳洲游
旅游度假,武夷山旅游800元,800,CNY,武夷山
旅游度假,海滨度假一周5000块,5000,CNY,海滨度假
旅游度假,香港南丫岛一日游180HKD,180,HKD,南丫岛
旅游度假,九寨沟旅游2200元,2200,CNY,九寨沟
旅游度假,美食团逛吃800块,800,CNY,美食团
旅游度假,欧洲十国游25000HKD,25000,HKD,欧洲多国游
旅游度假,长白山旅游1800元,1800,CNY,长白山
旅游度假,露营装备租赁300块,300,CNY,露营
旅游度假,香港大屿山一日游250HKD,250,HKD,大屿山
旅游度假,丽江大理游3000元,3000,CNY,丽江大理
旅游度假,签证办理费500块,500,CNY,签证费
酒店住宿,酒店住一晚花了380元,380,CNY,酒店
酒店住宿,民宿两晚花了600块,600,CNY,民宿
酒店住宿,香港酒店一晚1200HKD,1200,HKD,香港酒店
酒店住宿,出差住宿报销前花了450元,450,CNY,出差住宿
酒店住宿,五星级酒店一晚1800块,1800,CNY,五星级
酒店住宿,快捷酒店住三晚花了750元,750,CNY,快捷酒店
酒店住宿,海景酒店一晚2500HKD,2500,HKD,海景酒店
酒店住宿,青旅床位花了80元,80,CNY,青旅
酒店住宿,海外酒店一晚300USD,300,USD,海外酒店
酒店住宿,钟点房花了120块,120,CNY,钟点房
酒店住宿,连锁酒店标间一晚280元,280,CNY,连锁酒店
酒店住宿,度假别墅一晚3000块,3000,CNY,度假别墅
酒店住宿,香港铜锣湾酒店一晚1800HKD,1800,HKD,铜锣湾
酒店住宿,商务酒店一晚320元,320,CNY,商务酒店
酒店住宿,主题酒店一晚480块,480,CNY,主题酒店
酒店住宿,机场附近酒店一晚350元,350,CNY,机场酒店
酒店住宿,香港尖沙咀酒店一晚2000HKD,2000,HKD,尖沙咀
酒店住宿,民宿包院一天1500元,1500,CNY,包院
酒店住宿,电竞酒店双人间一晚260块,260,CNY,电竞酒店
酒店住宿,温泉酒店一晚680元,680,CNY,温泉酒店
酒店住宿,香港迪士尼酒店一晚3000HKD,3000,HKD,迪士尼酒店
酒店住宿,招待所一晚80元,80,CNY,招待所
酒店住宿,公寓式酒店两晚800块,800,CNY,公寓酒店
酒店住宿,海景民宿一晚580元,580,CNY,海景民宿
酒店住宿,香港旺角酒店一晚800HKD,800,HKD,旺角
酒店住宿,全季酒店一晚350元,350,CNY,全季
酒店住宿,四合院民宿一晚1200块,1200,CNY,四合院
酒店住宿,香港中环酒店一晚2500HKD,2500,HKD,中环
酒店住宿,如家酒店一晚220元,220,CNY,如家
酒店住宿,度假酒店三晚2400块,2400,CNY,度假酒店
酒店住宿,江景酒店一晚420元,420,CNY,江景酒店
酒店住宿,香港油麻地酒店一晚600HKD,600,HKD,油麻地
酒店住宿,汉庭酒店一晚199元,199,CNY,汉庭
酒店住宿,网红民宿一晚520块,520,CNY,网红民宿
酒店住宿,香港机场酒店一晚1000HKD,1000,HKD,机场酒店
酒店住宿,七天酒店一晚150元,150,CNY,七天
酒店住宿,精品酒店一晚380块,380,CNY,精品酒店
酒店住宿,山景民宿一晚280元,280,CNY,山景民宿
酒店住宿,香港北角酒店一晚700HKD,700,HKD,北角
酒店住宿,维也纳酒店一晚260元,260,CNY,维也纳
酒店住宿,loft酒店一晚450块,450,CNY,loft酒店
酒店住宿,香港红磡酒店一晚900HKD,900,HKD,红磡
酒店住宿,亚朵酒店一晚360元,360,CNY,亚朵
酒店住宿,家庭套房一晚680块,680,CNY,家庭套房
酒店住宿,香港铜锣湾迷你酒店一晚500HKD,500,HKD,迷你酒店
酒店住宿,格林豪泰一晚200元,200,CNY,格林豪泰
酒店住宿,海边木屋一晚380块,380,CNY,海边木屋
酒店住宿,香港佐敦酒店一晚650HKD,650,HKD,佐敦
酒店住宿,酒店押金500元,500,CNY,押金
酒店住宿,加早餐每人50块,50,CNY,早餐
人情送礼,给朋友买生日礼物花了300元,300,CNY,生日礼物
人情送礼,探望病人买果篮花了150块,150,CNY,探病
人情送礼,给客户送伴手礼花了500HKD,500,HKD,客户伴手礼
人情送礼,教师节买花送老师花了200元,200,CNY,教师节
人情送礼,给长辈买营养品花了400块,400,CNY,长辈礼品
人情送礼,乔迁礼物花了888元,888,CNY,乔迁礼
人情送礼,结婚礼物买首饰花了2000HKD,2000,HKD,结婚礼
人情送礼,给同事买离职礼物花了150元,150,CNY,离职礼
人情送礼,给外国客户送礼100USD,100,USD,客户礼品
人情送礼,满月礼物花了300块,300,CNY,满月礼
人情送礼,春节给长辈买礼品500元,500,CNY,春节礼
人情送礼,端午节送粽子礼盒128块,128,CNY,端午礼
人情送礼,香港客户送茶叶礼盒800HKD,800,HKD,茶叶礼盒
人情送礼,中秋节送月饼礼盒200元,200,CNY,中秋礼
人情送礼,给领导买烟酒600块,600,CNY,领导礼品
人情送礼,新生儿礼物套装399元,399,CNY,新生儿礼
人情送礼,香港朋友搬家送摆件1000HKD,1000,HKD,搬家礼
人情送礼,感恩节送老师鲜花180元,180,CNY,感恩礼
人情送礼,给客户定制礼品500块,500,CNY,定制礼品
人情送礼,生日鲜花蛋糕288元,288,CNY,生日礼
人情送礼,香港亲戚送礼金饰3000HKD,3000,HKD,金饰礼
人情送礼,毕业礼物送钢笔200元,200,CNY,毕业礼
人情送礼,探望长辈买牛奶水果150块,150,CNY,探长辈
人情送礼,商务伴手礼每人80元,80,CNY,商务伴手礼
人情送礼,香港客户送保健品500HKD,500,HKD,保健品礼
人情送礼,情人节送女朋友礼物520元,520,CNY,情人节礼
人情送礼,六一给孩子买玩具300块,300,CNY,六一礼物
人情送礼,重阳节送老人补品280元,280,CNY,重阳礼
人情送礼,香港朋友结婚送餐具套装800HKD,800,HKD,结婚餐具礼
人情送礼,跨年礼物送朋友199元,199,CNY,跨年礼
人情送礼,给师傅买烟酒茶400块,400,CNY,师傅礼品
人情送礼,开业礼物送招财摆件666元,666,CNY,开业礼
人情送礼,香港客户送本地特产300HKD,300,HKD,本地特产
人情送礼,母亲节送妈妈项链888元,888,CNY,母亲节礼
人情送礼,父亲节送爸爸手表1200块,1200,CNY,父亲节礼
人情送礼,七夕送男朋友礼物500元,500,CNY,七夕礼
人情送礼,香港闺蜜生日送香水600HKD,600,HKD,生日香水礼
人情送礼,元宵节送花灯礼品100元,100,CNY,元宵礼
人情送礼,给客户送日历台历50块,50,CNY,日历礼
人情送礼,升职礼物送钢笔礼盒280元,280,CNY,升职礼
人情送礼,香港同事离职送定制水杯200HKD,200,HKD,离职礼
人情送礼,冬至送长辈保暖内衣300元,300,CNY,冬至礼
人情送礼,给孩子买升学礼物400块,400,CNY,升学礼
人情送礼,圣诞节送苹果礼盒88元,88,CNY,圣诞礼
人情送礼,香港客户送定制钢笔500HKD,500,HKD,定制钢笔礼
人情送礼,闺蜜礼物送香水300元,300,CNY,闺蜜礼
人情送礼,战友聚会纪念品150块,150,CNY,纪念品
人情送礼,老师退休礼物200元,200,CNY,退休礼
人情送礼,香港朋友乔迁送绿植盆栽300HKD,300,HKD,乔迁绿植礼
红包礼金,给侄子发压岁钱红包2000块,2000,CNY,压岁钱
红包礼金,朋友结婚随份子888元,888,CNY,结婚随礼
红包礼金,微信群里发红包200HKD,200,HKD,群红包
红包礼金,生孩子随礼666元,666,CNY,满月随礼
红包礼金,过年给长辈包红包5000块,5000,CNY,过年红包
红包礼金,乔迁之喜发红包1888元,1888,CNY,乔迁红包
红包礼金,生日红包发了520HKD,520,HKD,生日红包
红包礼金,开工利是发了100元,100,CNY,开工利是
红包礼金,海外朋友结婚随礼200USD,200,USD,海外随礼
红包礼金,升学红包发了1000块,1000,CNY,升学红包
红包礼金,满月酒随礼500元,500,CNY,满月酒
红包礼金,公司年会抽奖红包888块,888,CNY,年会红包
红包礼金,香港新年派利是500HKD,500,HKD,新年利是
红包礼金,订婚红包1001元,1001,CNY,订婚红包
红包礼金,搬新家随礼666块,666,CNY,搬家随礼
红包礼金,老人过寿红包2000元,2000,CNY,寿礼红包
红包礼金,香港结婚礼金10000HKD,10000,HKD,结婚礼金
红包礼金,六一给孩子发红包200元,200,CNY,儿童节红包
红包礼金,开业大吉红包888块,888,CNY,开业红包
红包礼金,金榜题名红包1666元,1666,CNY,升学红包
红包礼金,香港满月酒礼金3000HKD,3000,HKD,满月礼金
红包礼金,除夕压岁钱1000元,1000,CNY,除夕红包
红包礼金,朋友新店开张随礼1288块,1288,CNY,开张随礼
红包礼金,生日红包66.66元,66.66,CNY,生日红包
红包礼金,香港乔迁礼金5000HKD,5000,HKD,乔迁礼金
红包礼金,元宵节红包88元,88,CNY,元宵红包
红包礼金,订婚随礼3180块,3180,CNY,订婚随礼
红包礼金,重阳节给老人红包500元,500,CNY,重阳红包
红包礼金,香港百日宴礼金2000HKD,2000,HKD,百日宴礼金
红包礼金,情人节红包520元,520,CNY,情人节红包
红包礼金,结婚改口费9999块,9999,CNY,改口费
红包礼金,七夕红包1314元,1314,CNY,七夕红包
红包礼金,香港春节利是每人50HKD,50,HKD,春节利是
红包礼金,冬至红包188元,188,CNY,冬至红包
红包礼金,宝宝周岁红包1000块,1000,CNY,周岁红包
红包礼金,毕业红包666元,666,CNY,毕业红包
红包礼金,香港寿礼金8000HKD,8000,HKD,寿礼金
红包礼金,小年红包200元,200,CNY,小年红包
红包礼金,同事结婚随礼300块,300,CNY,结婚随礼
红包礼金,搬家红包888元,888,CNY,搬家红包
红包礼金,香港订婚礼金18888HKD,18888,HKD,订婚礼金
红包礼金,520红包520元,520,CNY,520红包
红包礼金,朋友生二胎随礼800块,800,CNY,二胎随礼
红包礼金,正月十五红包88元,88,CNY,元宵红包
红包礼金,香港新居入伙礼金10000HKD,10000,HKD,入伙礼金
红包礼金,跨年红包188元,188,CNY,跨年红包
红包礼金,亲戚孩子升学随礼500块,500,CNY,升学随礼
红包礼金,母亲节红包888元,888,CNY,母亲节红包
红包礼金,香港开工利是每人100HKD,100,HKD,开工利是
宠物养护,给猫买猫粮花了180元,180,CNY,猫粮
宠物养护,狗狗洗澡美容花了150块,150,CNY,洗澡美容
宠物养护,宠物医院看病花了800HKD,800,HKD,宠物看病
宠物养护,买猫砂猫玩具花了80元,80,CNY,猫砂玩具
宠物养护,宠物驱虫花了120块,120,CNY,驱虫
宠物养护,狗粮一袋花了320元,320,CNY,狗粮
宠物养护,宠物寄养三天花了600HKD,600,HKD,寄养
宠物养护,给狗打疫苗花了280元,280,CNY,疫苗
宠物养护,海外宠物用品50USD,50,USD,海外用品
宠物养护,宠物零食花了68块,68,CNY,零食
宠物养护,猫罐头一箱200元,200,CNY,猫罐头
宠物养护,狗狗剃毛花了100块,100,CNY,剃毛
宠物养护,香港宠物医院诊金500HKD,500,HKD,宠物诊金
宠物养护,猫抓板猫爬架150元,150,CNY,猫爬架
宠物养护,宠物牵引绳胸背带80块,80,CNY,牵引绳
宠物养护,宠物沐浴露58元,58,CNY,沐浴露
宠物养护,香港宠物美容300HKD,300,HKD,宠物美容
宠物养护,狗狗体内外驱虫药150元,150,CNY,驱虫药
宠物养护,猫砂盆半封闭68块,68,CNY,猫砂盆
宠物养护,宠物航空箱200元,200,CNY,航空箱
宠物养护,香港宠物寄养每天200HKD,200,HKD,寄养
宠物养护,狗狗钙片微量元素88元,88,CNY,营养品
宠物养护,猫化毛膏营养膏128块,128,CNY,营养膏
宠物养护,宠物衣服冬装60元,60,CNY,宠物衣
宠物养护,香港宠物粮食200HKD,200,HKD,宠物粮
宠物养护,宠物尿垫尿不湿45元,45,CNY,尿垫
宠物养护,狗狗玩具球磨牙棒30块,30,CNY,玩具
宠物养护,猫草猫薄荷20元,20,CNY,猫草
宠物养护,香港宠物用品店买零食100HKD,100,HKD,宠物零食
宠物养护,宠物绝育手术800元,800,CNY,绝育
宠物养护,猫咪体检套餐300块,300,CNY,体检
宠物养护,宠物窝垫房子120元,120,CNY,宠物窝
宠物养护,狗狗指甲剪剃毛器88块,88,CNY,美容工具
宠物养护,香港宠物保险每月100HKD,100,HKD,宠物保险
宠物养护,猫包外出便携50元,50,CNY,猫包
宠物养护,宠物益生菌调理肠胃68块,68,CNY,益生菌
宠物养护,宠物厕所诱导剂25元,25,CNY,诱导剂
宠物养护,香港宠物办证费200HKD,200,HKD,办证
宠物养护,狗狗项圈铃铛30元,30,CNY,项圈
宠物养护,猫自动喂食器299块,299,CNY,喂食器
宠物养护,宠物饮水机158元,158,CNY,饮水机
宠物养护,香港宠物冲凉卡10次1200HKD,1200,HKD,冲凉卡
宠物养护,狗狗眼药水35元,35,CNY,眼药水
宠物养护,猫耳螨药50块,50,CNY,耳螨药
宠物养护,宠物剃毛器电推剪80元,80,CNY,剃毛器
宠物养护,香港宠物驱虫药150HKD,150,HKD,驱虫药
宠物养护,宠物吊床猫窝45元,45,CNY,猫窝
宠物养护,狗狗洁齿骨磨牙棒60块,60,CNY,洁齿骨
宠物养护,宠物消毒喷雾28元,28,CNY,消毒喷雾
服饰鞋包,买外套花了599元,599,CNY,外套
服饰鞋包,买运动鞋花了799块,799,CNY,运动鞋
服饰鞋包,买包包花了1200HKD,1200,HKD,包包
服饰鞋包,买裤子花了299元,299,CNY,裤子
服饰鞋包,买内衣袜子花了150块,150,CNY,内衣袜
服饰鞋包,买羽绒服花了1299元,1299,CNY,羽绒服
服饰鞋包,买高跟鞋花了899HKD,899,HKD,高跟鞋
服饰鞋包,买帽子围巾花了180元,180,CNY,帽围巾
服饰鞋包,海外买奢侈品包2000USD,2000,USD,奢侈品包
服饰鞋包,买T恤花了99块,99,CNY,T恤
服饰鞋包,买连衣裙399元,399,CNY,连衣裙
服饰鞋包,买皮鞋688块,688,CNY,皮鞋
服饰鞋包,香港买名牌包8000HKD,8000,HKD,名牌包
服饰鞋包,买牛仔裤199元,199,CNY,牛仔裤
服饰鞋包,买保暖内衣套装299块,299,CNY,保暖内衣
服饰鞋包,买风衣外套899元,899,CNY,风衣
服饰鞋包,香港买运动鞋1000HKD,1000,HKD,运动鞋
服饰鞋包,买衬衫159元,159,CNY,衬衫
服饰鞋包,买拖鞋凉鞋88块,88,CNY,凉鞋
服饰鞋包,买真皮钱包399元,399,CNY,钱包
服饰鞋包,香港买服饰2000HKD,2000,HKD,服饰
服饰鞋包,买卫衣259元,259,CNY,卫衣
服饰鞋包,买马丁靴599块,599,CNY,马丁靴
服饰鞋包,买丝巾披肩199元,199,CNY,丝巾
服饰鞋包,香港买正装西装3000HKD,3000,HKD,西装
服饰鞋包,买毛衣针织衫299元,299,CNY,毛衣
服饰鞋包,买老爹鞋499块,499,CNY,老爹鞋
服饰鞋包,买双肩背包299元,299,CNY,双肩包
服饰鞋包,香港买运动服800HKD,800,HKD,运动服
服饰鞋包,买西装裤199元,199,CNY,西装裤
服饰鞋包,买雪地靴399块,399,CNY,雪地靴
服饰鞋包,买皮带腰带199元,199,CNY,皮带
服饰鞋包,香港买衬衫500HKD,500,HKD,衬衫
服饰鞋包,买风衣699元,699,CNY,风衣
服饰鞋包,买帆布鞋199块,199,CNY,帆布鞋
服饰鞋包,买羊绒大衣2999元,2999,CNY,羊绒大衣
服饰鞋包,香港买领带300HKD,300,HKD,领带
服饰鞋包,买短裤89元,89,CNY,短裤
服饰鞋包,买雨鞋雨靴128块,128,CNY,雨靴
服饰鞋包,买单肩包299元,299,CNY,单肩包
服饰鞋包,香港买牛仔裤600HKD,600,HKD,牛仔裤
服饰鞋包,买马甲背心159元,159,CNY,马甲
服饰鞋包,买凉鞋拖鞋129块,129,CNY,凉鞋
服饰鞋包,买皮衣夹克1599元,1599,CNY,皮衣
服饰鞋包,香港买T恤200HKD,200,HKD,T恤
服饰鞋包,买汉服洛丽塔499元,499,CNY,汉服
服饰鞋包,买劳保鞋199块,199,CNY,劳保鞋
服饰鞋包,买羊毛衫399元,399,CNY,羊毛衫
服饰鞋包,香港买围巾400HKD,400,HKD,围巾
美容个护,剪头发花了68元,68,CNY,剪发
美容个护,做美甲花了128块,128,CNY,美甲
美容个护,做面部护理花了380HKD,380,HKD,面部护理
美容个护,买护肤品花了500元,500,CNY,护肤品
美容个护,烫染头发花了680块,680,CNY,烫染
美容个护,买口红花了320元,320,CNY,口红
美容个护,做SPA花了980HKD,980,HKD,SPA
美容个护,买面膜花了150元,150,CNY,面膜
美容个护,海外买化妆品200USD,200,USD,海外化妆品
美容个护,修眉花了30块,30,CNY,修眉
美容个护,接睫毛花了198元,198,CNY,接睫毛
美容个护,做美睫168块,168,CNY,美睫
美容个护,香港美容院补水500HKD,500,HKD,美容补水
美容个护,买洗面奶爽肤水280元,280,CNY,洗护
美容个护,纹眉半永久888块,888,CNY,纹眉
美容个护,身体乳磨砂膏120元,120,CNY,身体护理
美容个护,香港做指甲200HKD,200,HKD,美甲
美容个护,染发膏自己染80元,80,CNY,染发
美容个护,脱毛膏脱毛仪199块,199,CNY,脱毛
美容个护,精华液肌底液350元,350,CNY,精华液
美容个护,香港美容套餐1500HKD,1500,HKD,美容套餐
美容个护,洗脸清洁一次50元,50,CNY,洗脸
美容个护,美甲甲片延长268块,268,CNY,美甲延长
美容个护,眼霜眼膜280元,280,CNY,眼部护理
美容个护,香港剪头发150HKD,150,HKD,剪发
美容个护,化妆品套装礼盒680元,680,CNY,化妆品套装
美容个护,烫头发离子烫500块,500,CNY,烫发
美容个护,护手霜润唇膏50元,50,CNY,护手霜
美容个护,香港染发800HKD,800,HKD,染发
美容个护,黑头清洁护理88元,88,CNY,皮肤清洁
美容个护,种睫毛150块,150,CNY,种睫毛
美容个护,防晒霜隔离霜120元,120,CNY,防晒
美容个护,香港做facial600HKD,600,HKD,面部护理
美容个护,卸妆油卸妆水80元,80,CNY,卸妆
美容个护,补水面膜十片装99块,99,CNY,面膜
美容个护,香水淡香300元,300,CNY,香水
美容个护,香港买香水500HKD,500,HKD,香水
美容个护,理发吹造型50元,50,CNY,理发造型
美容个护,美甲跳色108块,108,CNY,美甲
美容个护,祛痘印精华280元,280,CNY,祛痘精华
美容个护,香港烫头发1000HKD,1000,HKD,烫发
美容个护,唇釉唇彩89元,89,CNY,唇彩
美容个护,头发护理焗油150块,150,CNY,焗油
美容个护,洁面仪洗脸仪199元,199,CNY,洁面仪
美容个护,香港美容卡充值3000HKD,3000,HKD,美容卡
美容个护,发际线粉修容粉60元,60,CNY,修容粉
美容个护,半永久纹唇1288块,1288,CNY,纹唇
美容个护,爽肤水化妆水120元,120,CNY,爽肤水
美容个护,香港买护肤品1000HKD,1000,HKD,护肤品
数码产品,买新手机花了5999元,5999,CNY,手机
数码产品,买无线耳机花了899块,899,CNY,无线耳机
数码产品,买平板花了3299HKD,3299,HKD,平板
数码产品,买键盘鼠标花了299元,299,CNY,键鼠
数码产品,买相机镜头花了4500块,4500,CNY,相机镜头
数码产品,买笔记本电脑花了7999元,7999,CNY,笔记本
数码产品,买智能手表花了1899HKD,1899,HKD,智能手表
数码产品,买充电宝花了129元,129,CNY,充电宝
数码产品,海外买相机1500USD,1500,USD,海外相机
数码产品,买显示器花了1999块,1999,CNY,显示器
数码产品,买蓝牙耳机199元,199,CNY,蓝牙耳机
数码产品,买移动硬盘399块,399,CNY,移动硬盘
数码产品,香港买电脑8000HKD,8000,HKD,电脑
数码产品,买路由器159元,159,CNY,路由器
数码产品,买投影仪2999块,2999,CNY,投影仪
数码产品,买游戏机PS53899元,3899,CNY,游戏机
数码产品,香港买手机6000HKD,6000,HKD,手机
数码产品,买摄像头99元,99,CNY,摄像头
数码产品,买显卡3090块,3090,CNY,显卡
数码产品,买内存条399元,399,CNY,内存条
数码产品,香港买耳机1200HKD,1200,HKD,耳机
数码产品,买音箱音响299元,299,CNY,音箱
数码产品,买散热器89块,89,CNY,散热器
数码产品,买平板支架49元,49,CNY,平板支架
数码产品,香港买相机10000HKD,10000,HKD,相机
数码产品,买机械键盘399元,399,CNY,机械键盘
数码产品,买鼠标垫29块,29,CNY,鼠标垫
数码产品,买U盘64G59元,59,CNY,U盘
数码产品,香港买平板4000HKD,4000,HKD,平板
数码产品,买智能手环199元,199,CNY,智能手环
数码产品,买电脑包99块,99,CNY,电脑包
数码产品,买固态硬盘299元,299,CNY,固态硬盘
数码产品,香港买显示器2500HKD,2500,HKD,显示器
数码产品,买游戏手柄299元,299,CNY,游戏手柄
数码产品,买数据线充电头50块,50,CNY,数据线
数码产品,买机箱电源399元,399,CNY,机箱电源
数码产品,香港买游戏机5000HKD,5000,HKD,游戏机
数码产品,买声卡麦克风499元,499,CNY,声卡麦克
数码产品,买电脑支架89块,89,CNY,电脑支架
数码产品,买电子书阅读器998元,998,CNY,电子书
数码产品,香港买智能手表2000HKD,2000,HKD,智能手表
数码产品,买扩展坞199元,199,CNY,扩展坞
数码产品,买电竞椅999块,999,CNY,电竞椅
数码产品,买台灯护眼灯199元,199,CNY,台灯
数码产品,香港买电脑配件1500HKD,1500,HKD,电脑配件
数码产品,买拍立得相机899元,899,CNY,拍立得
数码产品,买主机电源399块,399,CNY,主机电源
数码产品,买蓝牙适配器49元,49,CNY,蓝牙适配器
数码产品,香港买无线耳机1000HKD,1000,HKD,无线耳机
家居家装,买沙发花了3500元,3500,CNY,沙发
家居家装,买窗帘花了800块,800,CNY,窗帘
家居家装,装修人工费花了20000HKD,20000,HKD,装修人工
家居家装,买灯具花了600元,600,CNY,灯具
家居家装,换门锁花了300块,300,CNY,门锁
家居家装,买衣柜花了2800元,2800,CNY,衣柜
家居家装,贴墙纸花了1500HKD,1500,HKD,墙纸
家居家装,买地毯花了450元,450,CNY,地毯
家居家装,海外买家具800USD,800,USD,海外家具
家居家装,疏通马桶花了120块,120,CNY,疏通
家居家装,买餐桌1500元,1500,CNY,餐桌
家居家装,买床加床垫3000块,3000,CNY,床与床垫
家居家装,香港装修设计费10000HKD,10000,HKD,设计费
家居家装,买茶几电视柜2000元,2000,CNY,茶几电视柜
家居家装,刷墙乳胶漆3000块,3000,CNY,刷墙
家居家装,买鞋柜800元,800,CNY,鞋柜
家居家装,香港买家具15000HKD,15000,HKD,家具
家居家装,买晾衣架300元,300,CNY,晾衣架
家居家装,水电改造5000块,5000,CNY,水电改造
家居家装,买书桌书架1200元,1200,CNY,书桌书架
家居家装,香港定制橱柜20000HKD,20000,HKD,定制橱柜
家居家装,买马桶800元,800,CNY,马桶
家居家装,瓷砖地板8000块,8000,CNY,瓷砖地板
家居家装,买浴霸300元,300,CNY,浴霸
家居家装,香港买灯饰3000HKD,3000,HKD,灯饰
家居家装,买洗衣机2000元,2000,CNY,洗衣机
家居家装,冰箱双开门3500块,3500,CNY,冰箱
家居家装,买油烟机燃气灶2500元,2500,CNY,厨电
家居家装,香港买电器8000HKD,8000,HKD,电器
家居家装,买空调2800元,2800,CNY,空调
家居家装,热水器燃气款1500块,1500,CNY,热水器
家居家装,买微波炉500元,500,CNY,微波炉
家居家装,香港买沙发10000HKD,10000,HKD,沙发
家居家装,买吸尘器899元,899,CNY,吸尘器
家居家装,扫地机器人2599块,2599,CNY,扫地机器人
家居家装,买空气净化器1299元,1299,CNY,空气净化器
家居家装,香港买床品5000HKD,5000,HKD,床品
家居家装,买电饭煲399元,399,CNY,电饭煲
家居家装,电压力锅299块,299,CNY,电压力锅
家居家装,买净水器1500元,1500,CNY,净水器
家居家装,香港买家电10000HKD,10000,HKD,家电
家居家装,买加湿器199元,199,CNY,加湿器
家居家装,挂烫机299块,299,CNY,挂烫机
家居家装,买指纹锁1299元,1299,CNY,指纹锁
家居家装,香港定制衣柜15000HKD,15000,HKD,定制衣柜
家居家装,买破壁机499元,499,CNY,破壁机
家居家装,投影仪幕布300块,300,CNY,幕布
家居家装,买装饰画299元,299,CNY,装饰画
家居家装,香港装修材料5000HKD,5000,HKD,装修材料
保险缴费,重疾险年交6000元,6000,CNY,重疾险
保险缴费,车险花了3500块,3500,CNY,车险
保险缴费,医疗险每月扣300HKD,300,HKD,医疗险
保险缴费,意外险年费199元,199,CNY,意外险
保险缴费,寿险年交8000块,8000,CNY,寿险
保险缴费,家财险花了299元,299,CNY,家财险
保险缴费,香港保险年交12000HKD,12000,HKD,香港保险
保险缴费,社保个人部分扣了500元,500,CNY,社保
保险缴费,海外医疗险500USD,500,USD,海外医疗险
保险缴费,宠物险花了365块,365,CNY,宠物险
保险缴费,养老保险每年交8000元,8000,CNY,养老险
保险缴费,交强险950块,950,CNY,交强险
保险缴费,香港重疾险年交15000HKD,15000,HKD,香港重疾险
保险缴费,失业保险每月扣50元,50,CNY,失业保险
保险缴费,学平险每年100块,100,CNY,学平险
保险缴费,百万医疗险每年300元,300,CNY,百万医疗
保险缴费,香港住院医疗险年交5000HKD,5000,HKD,住院医疗险
保险缴费,工伤保险单位缴纳个人不扣,0,CNY,工伤险
保险缴费,车险三者险200万1200块,1200,CNY,三者险
保险缴费,年金险年交20000元,20000,CNY,年金险
保险缴费,香港储蓄险年交30000HKD,30000,HKD,储蓄险
保险缴费,生育保险每月扣10元,10,CNY,生育险
保险缴费,车险车损险1800块,1800,CNY,车损险
保险缴费,防癌险每年500元,500,CNY,防癌险
保险缴费,香港意外险年交500HKD,500,HKD,香港意外险
保险缴费,医保每月返款100元,100,CNY,医保返款
保险缴费,终身寿险年交10000块,10000,CNY,终身寿险
保险缴费,财产险每年800元,800,CNY,财产险
保险缴费,香港人寿险年交20000HKD,20000,HKD,香港人寿险
保险缴费,大病医疗互助金每年60元,60,CNY,大病互助
保险缴费,座位险每座100块,100,CNY,座位险
保险缴费,少儿重疾险每年800元,800,CNY,少儿重疾险
保险缴费,香港医疗保险每月500HKD,500,HKD,香港医疗险
保险缴费,补充医疗险每年200元,200,CNY,补充医疗
保险缴费,盗抢险每年300块,300,CNY,盗抢险
保险缴费,老人意外险每年200元,200,CNY,老人意外险
保险缴费,香港旅游险单次100HKD,100,HKD,旅游险
保险缴费,惠民保每年69元,69,CNY,惠民保
保险缴费,涉水险每年150块,150,CNY,涉水险
保险缴费,女性专属险每年300元,300,CNY,女性险
保险缴费,香港劳工险每月300HKD,300,HKD,劳工险
保险缴费,商业医保每年1500元,1500,CNY,商业医保
保险缴费,自燃险每年100块,100,CNY,自燃险
保险缴费,教育金保险年交5000元,5000,CNY,教育金险
保险缴费,香港家居险每年800HKD,800,HKD,家居险
保险缴费,社保补缴1200元,1200,CNY,社保补缴
保险缴费,不计免赔险每年200块,200,CNY,不计免赔
保险缴费,牙齿保险每年500元,500,CNY,牙齿险
保险缴费,香港保费自动扣款8000HKD,8000,HKD,自动扣款
还贷支出,房贷月供5000元,5000,CNY,房贷
还贷支出,车贷每月还2000块,2000,CNY,车贷
还贷支出,信用卡还款花了8000HKD,8000,HKD,信用卡
还贷支出,花呗还款花了1500元,1500,CNY,花呗
还贷支出,借呗还款花了3000块,3000,CNY,借呗
还贷支出,经营贷月供12000元,12000,CNY,经营贷
还贷支出,香港房贷月供15000HKD,15000,HKD,香港房贷
还贷支出,京东白条还款花了800元,800,CNY,白条
还贷支出,海外贷款月供2000USD,2000,USD,海外贷款
还贷支出,助学贷款还款花了1200块,1200,CNY,助学贷款
还贷支出,商贷月供8000元,8000,CNY,商业贷款
还贷支出,公积金贷款每月3000块,3000,CNY,公积金贷款
还贷支出,香港私楼月供20000HKD,20000,HKD,香港私楼
还贷支出,消费贷月供1500元,1500,CNY,消费贷
还贷支出,装修贷每月还2000块,2000,CNY,装修贷
还贷支出,抵押贷月供10000元,10000,CNY,抵押贷
还贷支出,香港车贷月供5000HKD,5000,HKD,香港车贷
还贷支出,微粒贷还款800元,800,CNY,微粒贷
还贷支出,360借条还款1000块,1000,CNY,借条
还贷支出,房贷提前还款100000元,100000,CNY,提前还贷
还贷支出,香港信用卡还款10000HKD,10000,HKD,信用卡
还贷支出,车贷提前还款20000元,20000,CNY,提前还车贷
还贷支出,美团生活费还款500块,500,CNY,生活费贷款
还贷支出,房贷利息每月2000元,2000,CNY,房贷利息
还贷支出,香港税务贷款月供8000HKD,8000,HKD,税务贷款
还贷支出,信用卡分期每月还500元,500,CNY,信用卡分期
还贷支出,网贷还款1500块,1500,CNY,网贷
还贷支出,组合贷月供6000元,6000,CNY,组合贷
还贷支出,香港分期贷款每月3000HKD,3000,HKD,分期贷款
还贷支出,房贷本金加利息每月5500元,5500,CNY,房贷本息
还贷支出,车贷三年期每月3000块,3000,CNY,车贷分期
还贷支出,信用贷月供2500元,2500,CNY,信用贷
还贷支出,香港二按月供10000HKD,10000,HKD,二按贷款
还贷支出,花呗分期每月还300元,300,CNY,花呗分期
还贷支出,借呗提前还款手续费50块,50,CNY,手续费
还贷支出,经营性贷款月供15000元,15000,CNY,经营贷
还贷支出,香港现金套现每月还款5000HKD,5000,HKD,套现还款
还贷支出,助学贷款利息每年500元,500,CNY,助学利息
还贷支出,房贷LPR调整后多还200块,200,CNY,LPR调整
还贷支出,信用卡最低还款800元,800,CNY,最低还款
还贷支出,香港卡数还款8000HKD,8000,HKD,卡数还款
还贷支出,装修贷提前还50000元,50000,CNY,提前还贷
还贷支出,京东金条还款1000块,1000,CNY,金条
还贷支出,房贷还款银行卡扣款5000元,5000,CNY,自动扣款
还贷支出,香港易借宝还款3000HKD,3000,HKD,易借宝
还贷支出,车贷解压费200元,200,CNY,解压费
还贷支出,网贷结清证明手续费50块,50,CNY,结清手续费
还贷支出,房贷退税到账12000元,12000,CNY,退税到账
还贷支出,香港贷款罚息500HKD,500,HKD,罚息
税费支出,个人所得税扣了800元,800,CNY,个税
税费支出,房产税交了5000块,5000,CNY,房产税
税费支出,香港薪俸税扣了3000HKD,3000,HKD,薪俸税
税费支出,增值税交了2000元,2000,CNY,增值税
税费支出,车辆购置税花了12000块,12000,CNY,购置税
税费支出,印花税交了500元,500,CNY,印花税
税费支出,物业税交了1800HKD,1800,HKD,物业税
税费支出,个税专项补缴1200元,1200,CNY,个税补缴
税费支出,海外消费税300USD,300,USD,海外消费税
税费支出,契税花了9000块,9000,CNY,契税
税费支出,企业所得税交了20000元,20000,CNY,企业所得税
税费支出,车船税每年360块,360,CNY,车船税
税费支出,香港利得税15000HKD,15000,HKD,利得税
税费支出,城市维护建设税200元,200,CNY,城建税
税费支出,教育费附加100块,100,CNY,教育附加
税费支出,土地增值税50000元,50000,CNY,土地增值税
税费支出,香港差饷每年5000HKD,5000,HKD,差饷
税费支出,个人经营所得税3000元,3000,CNY,经营所得税
税费支出,消费税1500块,1500,CNY,消费税
税费支出,耕地占用税8000元,8000,CNY,耕地占用税
税费支出,香港印花税2000HKD,2000,HKD,香港印花税
税费支出,资源税500元,500,CNY,资源税
税费支出,房产税补缴2000块,2000,CNY,房产税补缴
税费支出,城镇土地使用税1000元,1000,CNY,土地使用税
税费支出,香港博彩税1000HKD,1000,HKD,博彩税
税费支出,关税3000元,3000,CNY,关税
税费支出,车辆购置税减半后6000块,6000,CNY,购置税减半
税费支出,契税首套1.5%共9000元,9000,CNY,首套契税
税费支出,香港个人入息课税4000HKD,4000,HKD,入息税
税费支出,个税退税到账1200元,1200,CNY,个税退税
税费支出,增值税附加税300块,300,CNY,增值税附加
税费支出,企业所得税汇算清缴补缴5000元,5000,CNY,汇算清缴
税费支出,香港物业税每月500HKD,500,HKD,物业税
税费支出,印花税按件贴花5元,5,CNY,贴花
税费支出,车船税代缴360块,360,CNY,车船税
税费支出,土地出让金100000元,100000,CNY,土地出让金
税费支出,香港进出口关税8000HKD,8000,HKD,进出口关税
税费支出,个税起征点5000元,5000,CNY,起征点
税费支出,城建税税率7%合计140元,140,CNY,城建税
税费支出,教育附加费税率3%合计60块,60,CNY,教育附加
税费支出,香港薪俸税免税额132000HKD,132000,HKD,免税额
税费支出,小规模纳税人增值税减免,0,CNY,减免
税费支出,车辆购置税税率10%,10,CNY,购置税税率
税费支出,契税二套3%共18000元,18000,CNY,二套契税
税费支出,香港利得税税率16.5%,16.5,HKD,利得税率
税费支出,个人劳务报酬个税20%,20,CNY,劳务税
税费支出,房产税从租计征12%,12,CNY,从租计征
税费支出,香港差饷征收率5%,5,HKD,差饷率
税费支出,增值税专用发票抵扣1000元,1000,CNY,发票抵扣
工资收入,这个月发工资15000HKD,15000,HKD,月薪
工资收入,公司发薪到账8000块,8000,CNY,月薪
工资收入,上月工资税后到账12000元,12000,CNY,税后工资
工资收入,底薪加提成一共25000块,25000,CNY,底薪提成
工资收入,试用期工资发了6000元,6000,CNY,试用期
工资收入,香港月薪到账20000HKD,20000,HKD,香港月薪
工资收入,年终奖发了30000元,30000,CNY,年终奖
工资收入,加班费发了800块,800,CNY,加班费
工资收入,海外月薪到账4000USD,4000,USD,海外月薪
工资收入,绩效奖金发了5000块,5000,CNY,绩效奖
工资收入,基本工资5000元,5000,CNY,基本工资
工资收入,岗位津贴2000块,2000,CNY,岗位津贴
工资收入,香港底薪18000HKD,18000,HKD,香港底薪
工资收入,全勤奖500元,500,CNY,全勤奖
工资收入,交通补贴300块,300,CNY,交通补贴
工资收入,餐补每月400元,400,CNY,餐补
工资收入,香港房屋津贴5000HKD,5000,HKD,房屋津贴
工资收入,工龄工资200元,200,CNY,工龄工资
工资收入,季度奖金10000块,10000,CNY,季度奖
工资收入,项目奖金8000元,8000,CNY,项目奖
工资收入,香港双粮出粮18000HKD,18000,HKD,双粮
工资收入,夜班补贴500元,500,CNY,夜班补贴
工资收入,高温补贴300块,300,CNY,高温补贴
工资收入,提成奖金15000元,15000,CNY,提成
工资收入,香港佣金收入10000HKD,10000,HKD,佣金
工资收入,十三薪发了8000元,8000,CNY,十三薪
工资收入,年终分红50000块,50000,CNY,年终分红
工资收入,基本工资加绩效共12000元,12000,CNY,工资绩效
工资收入,香港超时补水2000HKD,2000,HKD,超时补贴
工资收入,住房补贴1000元,1000,CNY,住房补贴
工资收入,话费补贴100块,100,CNY,话费补贴
工资收入,出差补贴每天200元,200,CNY,出差补贴
工资收入,香港膳食津贴1500HKD,1500,HKD,膳食津贴
工资收入,技能津贴500元,500,CNY,技能津贴
工资收入,管理津贴2000块,2000,CNY,管理津贴
工资收入,销售提成20000元,20000,CNY,销售提成
工资收入,香港花红奖金10000HKD,10000,HKD,花红
工资收入,月度优秀员工奖500元,500,CNY,优秀员工
工资收入,半年奖15000块,15000,CNY,半年奖
工资收入,竞业限制补偿金3000元,3000,CNY,竞业补偿
工资收入,香港长期服务金20000HKD,20000,HKD,长期服务金
工资收入,产假工资8000元,8000,CNY,产假工资
工资收入,病假工资4000块,4000,CNY,病假工资
工资收入,年假工资2000元,2000,CNY,年假工资
工资收入,香港遣散费50000HKD,50000,HKD,遣散费
工资收入,转正工资8000元,8000,CNY,转正工资
工资收入,调薪后每月10000块,10000,CNY,调薪后
工资收入,公司发薪日到账12000元,12000,CNY,发薪日
工资收入,香港月薪税后18000HKD,18000,HKD,税后月薪
副业收入,做兼职赚了2000块钱,2000,CNY,兼职
副业收入,接私活收到报酬3000HKD,3000,HKD,接私活
副业收入,自媒体收益到账500USD,500,USD,自媒体
副业收入,闲鱼卖闲置赚了800元,800,CNY,闲鱼
副业收入,代驾收入1500块,1500,CNY,代驾
副业收入,设计接单赚了4500元,4500,CNY,设计接单
副业收入,代购利润2500HKD,2500,HKD,代购
副业收入,理财利息到账300元,300,CNY,理财利息
副业收入,海外做外包赚1200USD,1200,USD,海外外包
副业收入,跑腿赚了600块,600,CNY,跑腿
副业收入,摆摊卖货赚了1000元,1000,CNY,摆摊
副业收入,写稿子稿费800块,800,CNY,稿费
副业收入,香港做家教月入5000HKD,5000,HKD,家教
副业收入,网约车司机收入3000元,3000,CNY,网约车
副业收入,翻译兼职赚了2000块,2000,CNY,翻译
副业收入,短视频带货佣金1500元,1500,CNY,带货佣金
副业收入,香港炒股票赚了10000HKD,10000,HKD,炒股
副业收入,问卷调查赚了50元,50,CNY,问卷
副业收入,配音兼职800块,800,CNY,配音
副业收入,摄影约拍赚了1200元,1200,CNY,约拍
副业收入,香港做freelance赚8000HKD,8000,HKD,自由职业
副业收入,外卖骑手收入2500元,2500,CNY,外卖骑手
副业收入,游戏代练赚了600块,600,CNY,游戏代练
副业收入,公众号广告收入2000元,2000,CNY,公众号
副业收入,香港做补习月入6000HKD,6000,HKD,补习
副业收入,二手转卖赚了300元,300,CNY,二手转卖
副业收入,PPT制作接单500块,500,CNY,PPT接单
副业收入,直播打赏收入1000元,1000,CNY,直播打赏
副业收入,香港做散工日结800HKD,800,HKD,散工
副业收入,薅羊毛赚了100元,100,CNY,薅羊毛
副业收入,小程序开发接单10000块,10000,CNY,小程序开发
副业收入,插画约稿赚了2000元,2000,CNY,插画约稿
副业收入,香港做钟点工月入4000HKD,4000,HKD,钟点工
副业收入,收租收入3000元,3000,CNY,收租
副业收入,打新债赚了200块,200,CNY,打新债
副业收入,基金分红500元,500,CNY,基金分红
副业收入,香港收租10000HKD,10000,HKD,收租
副业收入,做任务赚了80元,80,CNY,做任务
副业收入,会计代账每月1000块,1000,CNY,代账
副业收入,视频剪辑接单3000元,3000,CNY,视频剪辑
副业收入,香港做美容兼职月入5000HKD,5000,HKD,美容兼职
副业收入,点赞关注赚了30元,30,CNY,点赞任务
副业收入,塔罗牌占卜赚了500块,500,CNY,占卜
副业收入,民宿运营收入8000元,8000,CNY,民宿
副业收入,香港车位出租月入2000HKD,2000,HKD,车位出租
副业收入,试吃试用赚了100元,100,CNY,试吃试用
副业收入,编程私活赚了5000块,5000,CNY,编程私活
副业收入,自媒体广告分成1500元,1500,CNY,广告分成
副业收入,香港网约车月入15000HKD,15000,HKD,网约车
通讯话费,香港5G套餐月费168HKD,168,HKD,5G套餐
通讯话费,话费余额充值50元,50,CNY,充值
药品保健,香港买退烧药100HKD,100,HKD,退烧药
休闲娱乐,香港保龄球馆50HKD一局,50,HKD,保龄球
运动健身,香港健身月卡1000HKD,1000,HKD,健身月卡
人情送礼,香港同事生日送礼物300HKD,300,HKD,生日礼
红包礼金,香港元宵派利是200HKD,200,HKD,元宵利是
宠物养护,香港宠物美容洗澡350HKD,350,HKD,宠物美容
服饰鞋包,香港买外套800HKD,800,HKD,外套
美容个护,香港做美容700HKD,700,HKD,美容
数码产品,香港买充电宝200HKD,200,HKD,充电宝
家居家装,香港买窗帘1200HKD,1200,HKD,窗帘
保险缴费,香港车险年交6000HKD,6000,HKD,车险
还贷支出,香港花呗还款2000HKD,2000,HKD,花呗
税费支出,香港差饷补交3000HKD,3000,HKD,差饷
工资收入,香港绩效奖到账15000HKD,15000,HKD,绩效奖
副业收入,香港翻译兼职月入3000HKD,3000,HKD,翻译兼职
